Industry Name,Number of firms,Beta ,D/E Ratio,Effective Tax rate,Unlevered beta,Cash/Firm value,Unlevered beta corrected for cash,HiLo Risk,Standard deviation of equity,Standard deviation in operating income (last 10 years),2022,2023,2024,2025,Average (2022-2026)
Advertising,52,1.210506967409714,0.4020006635676013,0.050166601892135954,0.930085673859911,0.07730501181468243,1.0080098903421257,0.6233257531660213,0.6291480405048702,0.15168282600995042,1.1018246898142943,1.3458926691301203,1.18,1.2,1.167145449857308
Aerospace/Defense,79,0.945491480030761,0.1556259774178424,0.1157525444051738,0.846668742124111,0.026120466599857,0.8693772823914925,0.5213050748745736,0.46452299950863785,0.21858734290481577,1.1104126718043248,1.2292962090923658,0.93,0.8,0.9878172326576365
Air Transport,23,1.185465100406711,0.91170567766528,0.0829257860360182,0.7040501862693873,0.0710560236928952,0.7579038179118688,0.5151727607461237,0.590043262853523,2.104293860769662,0.914138227895993,0.6939980034393283,0.64,0.76,0.7532080098494381
Apparel,35,0.9358744642979875,0.31292274379874546,0.09612500297378584,0.7579820882045375,0.04603963126378228,0.794563498700363,0.5786453528011011,0.4626373673236945,0.26800348004360613,1.098346042881063,1.0163797426008965,0.93,0.83,0.9338578568364644
Auto & Truck,33,1.4564933048347815,0.19695879853744616,0.03737150993812953,1.2690329072913427,0.029913881635151476,1.3081652064358895,0.7242202227236834,0.6183460542354303,0.3888198679307462,1.0207658043192696,1.2255318343171395,1.3,1.43,1.2568925690144597
Auto Parts,35,1.3394463651948414,0.4146400386187307,0.14999691449019154,1.0217137832780625,0.09447030010863032,1.1283051051783621,0.5242640346289048,0.49872040429854986,0.2121922558161556,1.212594354633614,1.202436458457679,1.12,0.99,1.1306671836539313
Bank (Money Center),15,0.7610461819725333,1.6418966357638234,0.1843478364577707,0.3410587595479105,0.2316616747591599,0.4438913800649,0.23102417672707903,0.22738717670540012,,1.0325147457583626,0.7393414305916117,0.64,0.53,0.6771495112829748
Banks (Regional),568,0.3984765556409175,0.5210229274429405,0.17609708151159398,0.2865156418030888,0.23481406998633866,0.3744392448485997,0.1917165677227987,0.2268255755296142,0.553283335172488,0.8412738920935885,0.4129806383970706,0.33,0.48,0.48773875506785186
Beverage (Alcoholic),14,0.8124756277132766,0.4333840741223201,0.12349880380286866,0.6131715419678557,0.02368469924364032,0.6280466376925842,0.582970879014547,0.5596193724547387,0.18744984639835108,0.7205248116424126,0.8807822917633785,0.97,0.51,0.7418707482196749
Beverage (Soft),27,0.6414687070147179,0.20587118525522147,0.0684627965508008,0.5556711918551647,0.034395917959575265,0.5754648330410659,0.6187363130886608,0.5788689759563741,0.18650606969544173,1.1155473334942059,1.2014134916712005,0.7,0.51,0.8204851316412943
Broadcasting,24,0.47075204848634544,0.8585429035988935,0.07728859528725333,0.28636169661672445,0.09175881700704047,0.315292569835984,0.5720694045435653,0.46623069933478634,0.24676788323462776,0.8112721237191215,0.7021599591713337,0.5,0.48,0.5617449305452878
Brokerage & Investment Banking,32,1.171457071047836,1.3557362534403625,0.15273177578181318,0.5808487698048416,0.14506015247562656,0.6794030848916329,0.42206737565162095,0.366085597210624,,0.6700703117819938,0.6937505627531657,0.55,0.47,0.6126447918853584
Building Materials,41,1.1115321733442423,0.25998303924525584,0.1802113978781021,0.9301623477287291,0.03161305724944799,0.9605275604881124,0.40986010917831023,0.35282100910190417,0.3806004788532296,1.0871499229138373,1.0983592603350816,1.21,1.23,1.1172073487474061
Business & Consumer Services,155,0.8879785335242745,0.19716100170472986,0.10382630217002471,0.7735875598670026,0.04024363311198222,0.8060249314889546,0.5301773694386264,0.41106991639716206,0.2710173322079462,0.9861131480384713,1.0198687734730703,0.93,0.92,0.9324013706000993
Cable TV,9,0.7407444081777597,1.469394514839746,0.10643042905457614,0.3523921209643926,0.028893507091752747,0.36287690746362616,0.4440901519592926,0.4404071378928042,0.2688170387770877,0.6641386109632104,0.7059202442851957,0.74,0.5,0.5945871525424065
Chemical (Basic),29,1.0122471500989898,0.9935397565078776,0.07683856093152415,0.5800328658623819,0.08912014780552291,0.6367830669050106,0.535444966705913,0.4580970692608343,0.39281685860374327,0.9371284252203465,0.9589900308465779,0.87,0.86,0.852580304594387
Chemical (Diversified),4,0.8507028562562596,1.7610998877970157,0.0,0.36655193179254153,0.09748112709643042,0.40614323179001943,0.42303926014131843,0.3903520023839609,0.4563886737099081,1.2079101125783385,1.0902565654988166,0.81,0.58,0.8188619819734348
Chemical (Specialty),59,0.9697828817775749,0.29882962373710314,0.13675158334443216,0.7922271711710575,0.039108107846628735,0.8244706586041288,0.4094843058839141,0.42305160954750315,0.21758050246049163,0.997722954089115,1.1152530501630955,0.94,0.79,0.9334893325712678
Coal & Related Energy,16,1.0709931914897641,0.07142984737214478,0.03125,1.0165349872490315,0.14030603264913963,1.1824381999346527,0.6619189868384981,0.6431490912216578,2.4250301475560985,0.819710873327334,1.4289145880963197,1.24,1.27,1.1882127322716614
Computer Services,64,1.0878559034733686,0.25100122596094754,0.10526994226576537,0.9155102559970569,0.048030253728172795,0.9617009989891427,0.5715390929381887,0.5342530314325552,0.19627646925475156,1.0576213168025859,0.9932217950326541,0.86,1.09,0.9925088221648766
Computers/Peripherals,36,1.3503292085851684,0.04624738158842277,0.05911353077642165,1.3050624188250832,0.01474015694541099,1.3245870396777912,0.5570782029943967,0.5457679517178851,0.3056919037558648,1.2487708944175273,1.227042372213005,1.1,1.12,1.204080061261665
Construction Supplies,40,1.1503560568511637,0.17621949339337503,0.16038852383860958,1.0160678372067562,0.029385735087736495,1.0468296973758173,0.4302290616017562,0.35513321135865794,0.38599803246226416,0.9796485993062782,1.0760610533922743,0.99,1.15,1.048507870014874
Diversified,20,0.8809551761105191,0.15552702199112797,0.02756045788007777,0.7889302024061987,0.06424659262771254,0.8430962646682882,0.5557774635262347,0.2841172358254972,0.6989946731901048,0.7021414621539441,0.9394964138236339,1.09,1.01,0.9169468281291732
Drugs (Biotechnology),496,1.1352650325488571,0.13039813617119383,0.010795122386082115,1.034128692045902,0.04198898589831489,1.079453865168337,0.6431233872977022,0.7567979803880647,0.40521408201890785,0.9722328956942816,1.1994489579084946,1.09,1.17,1.1022271437542226
Drugs (Pharmaceutical),228,0.9828330980612211,0.14537075884184583,0.029938702770438724,0.8862112018778732,0.031607075278297876,0.915135973481584,0.6840671510230288,0.7664492440646036,0.2676796079178559,1.009823573553889,1.1808060946282533,0.94,0.98,1.0051531283327453
Education,32,0.7809055888612572,0.24378635749927063,0.15540367121320292,0.6601955817730791,0.08255178105333023,0.719599829329938,0.5006386723025373,0.4723775113573218,0.37790461695864075,1.1033169078612295,0.9937160802737702,1.15,0.92,0.9773265634929876
Electrical Equipment,112,1.2511238546074688,0.12003228885644493,0.048160938724098754,1.1477945494288007,0.03531033289858355,1.1898070318069807,0.6770752062132696,0.7271388016174681,0.19790672009764704,1.194327330306878,1.4326548798323873,1.15,1.2,1.2333578483892491
Electronics (Consumer & Office),8,0.8659780184815811,0.058043138538441966,0.0,0.8298525821858579,0.10516119216152936,0.9273766123201671,0.6313586941286815,0.7018361349746528,,1.0571596798644427,1.6130596990178139,1.3,0.95,1.1695191982404847
Electronics (General),114,0.9714771307987942,0.1101176648064408,0.08036356729856782,0.8973653021365886,0.04276394737105285,0.9374545595854545,0.533205169727335,0.5183878524748988,0.25550187432704274,1.051017267647953,1.1161632606240839,0.88,1.01,0.9989270175714984
Engineering/Construction,48,1.2099722611351151,0.1401147535589371,0.1363531807406391,1.094912241925567,0.03738629027811922,1.137436783693752,0.48191035503115626,0.4592364631713382,0.40656876523298296,0.9739625248634707,1.0176246718468016,0.84,0.92,0.977804796080805
Entertainment,92,0.8251696372652437,0.15913861576824234,0.03304355681192803,0.7371838269272858,0.03364109650880357,0.7628468307830948,0.6108354156893298,0.48706590208810535,0.3372252098881237,0.9642484762875171,1.2462224080092748,0.87,0.94,0.9566635430159774
Environmental & Waste Services,53,0.9454812982377585,0.2144746613305266,0.04267831701608498,0.814469065497658,0.012488380313177587,0.8247690956344971,0.6039647123055116,0.5491271709973529,0.3304771871849812,1.086182979964372,0.8591109527629267,0.79,0.82,0.8760126056723593
Farming/Agriculture,35,1.1291737409456368,0.5184849801548149,0.06294399257877176,0.8130198178522071,0.03873786848086313,0.8457836746022086,0.5709210427107252,0.507938158066483,0.49701997465309977,0.8478652069247063,0.9310497068082925,0.77,0.73,0.8249397176670415
Financial Svcs. (Non-bank & Insurance),176,0.9697132427444908,2.721299675975284,0.12056567700542625,0.3188823716863237,0.026932527562606865,0.32770838684759396,0.4483550193131286,0.42469192147740364,0.3372154738192344,0.15175874715602064,0.10617474510192053,0.32,0.35,0.25112837582110703
Food Processing,78,0.6074530378003583,0.43733857874231813,0.10372593278493082,0.45741810112318915,0.025575346289782346,0.46942377677075875,0.48589638792481726,0.4346763943257051,0.09378656666737238,0.632413845750539,0.7686726756486479,0.5,0.38,0.5501020596339892
Food Wholesalers,13,0.866641638658665,0.4696855126722596,0.09152840668006618,0.6408819228030607,0.010617965508753957,0.6477598141678518,0.5105259187106911,0.3397822415435992,0.3561639995586555,1.083475210571128,0.8457047174503761,0.74,0.55,0.7733879484378712
Furn/Home Furnishings,27,0.8231584740017082,0.42333374568083953,0.11382525542555506,0.6247880689027374,0.04192766167124481,0.6521303704400933,0.47189994716908745,0.5150986273981181,0.20434286117638065,0.9930686395536672,0.9519122322245162,0.86,0.69,0.8294222484436553
Green & Renewable Energy,15,0.8563295187054536,1.1310960720897125,0.0,0.46330103394106914,0.019020611588943564,0.4722841676536161,0.730979638575004,0.6514340075377375,0.28781999813443676,1.0952567764169068,0.8771923185242169,0.56,0.5,0.7009466525189479
Healthcare Products,204,0.9085611350704943,0.12785158403919683,0.048453372827770576,0.829063339182968,0.032539271140781846,0.8569477958661521,0.5589658747106533,0.6179058995412937,0.3090184310145163,0.9123800188457021,1.0971029719882097,1.01,0.96,0.9672861573400127
Healthcare Support Services,104,0.8719538873399333,0.354253188687874,0.09799646168506736,0.6889158973179456,0.07512556581743074,0.7448750574739688,0.5230194559374083,0.47240032307194035,0.2413459114000651,0.9498469507729029,1.0725471879998554,0.94,0.82,0.9054538392493454
Heathcare Information and Technology,115,1.1083338991481437,0.1574134360720486,0.06381881317110165,0.9913008450033202,0.024622228934280354,1.016325032628335,0.5788051740319831,0.6378002122444473,0.35527756837736474,0.9088883028884132,1.370736187816319,1.19,1.12,1.1211899046666134
Homebuilding,30,0.9106178132748846,0.21344150553857202,0.16989203344780976,0.7849604569802948,0.0800055981891012,0.8532230798743929,0.36815060194677524,0.32794046675316896,0.5958507873821614,1.5855573182596445,1.3331558308257836,1.35,1.38,1.3003872457919643
Hospitals/Healthcare Facilities,31,0.7996783314027625,0.5992038400269105,0.11347796258733156,0.5517295035260499,0.02324362589938683,0.5648588718287879,0.5197979912329719,0.5645694737555678,0.20293288619520472,0.9635819983948228,0.7230794758104835,0.56,0.57,0.6763040692068187
Hotel/Gaming,63,1.0803675683074194,0.39750202770666376,0.08308178299623932,0.8322513645728964,0.049603347588982626,0.8756884427797555,0.4804349731732187,0.3965335196981276,0.9904715001091706,1.437433727843527,1.0609649277632753,1.05,0.95,1.0748174196773115
Household Products,110,0.8155158251324154,0.18147628375519134,0.06500436608160612,0.7178159032286779,0.03138813877470186,0.7410769287097494,0.6273286444390683,0.5546378639806525,0.12186432069032328,0.9200717469168898,1.0578798468783357,0.77,0.83,0.8638057045009949
Information Services,15,0.9205673234850804,0.3316984905170498,0.18162842926123732,0.7371769598623608,0.025357620838586878,0.7563563575971642,0.4394703659399052,0.32375244548022786,0.4082152605282324,1.2038667851126352,1.3334436182933442,0.77,0.8,0.9727333522006288
Insurance (General),21,0.6719750422408106,0.2562761358769038,0.12768801589234566,0.5636395230036526,0.024967292240062125,0.5780724262046252,0.4200868926838418,0.46070163153831,0.4209738598589533,0.8109091333395879,1.0269385936275734,0.89,0.69,0.7991840306343573
Insurance (Life),20,0.6444930925180267,0.6783987776748907,0.15186017647763664,0.4271563388858468,0.1966940474769901,0.5317480065275768,0.23176202865660195,0.3515193422631459,0.2826197882400568,0.8829882032543376,0.6674646710271233,0.54,0.62,0.6484401761618075
Insurance (Prop/Cas.),57,0.4841100151289049,0.1482928711512957,0.1836669176395358,0.43565645519640217,0.046752606734882574,0.4570234949231456,0.2677137310292105,0.28696879528535113,0.37897491601347943,0.7847772659651794,0.7295385474975669,0.68,0.57,0.6442678616771784
Investments & Asset Management,283,0.6595817512663942,0.3268818496772947,0.03534923619833761,0.5297158729912839,0.0992207600520097,0.588064033338367,0.24979176761115496,0.3004225728309703,0.23005006998146274,0.9651176049094974,0.5377530864305458,0.39,0.5,0.596186944935682
Machinery,105,0.9636207903494385,0.14692301552763604,0.13373442732400442,0.8679764970807725,0.029141915386561183,0.8940302510086939,0.43866071672945106,0.45034116660736356,0.2340381783370222,1.1782642967693542,1.0938250803149925,0.94,0.98,1.0172239256186082
Metals & Mining,73,1.0430314762308461,0.10984521282049067,0.02516414295193868,0.963642813760502,0.046322445348490886,1.0104492960544031,0.7046547159245414,0.7756025957468325,0.5366805984370316,1.1279972137776122,1.2191906966167014,0.91,0.96,1.0455274412897433
Office Equipment & Services,14,1.334375038621748,0.4810247634925184,0.12297383351664745,0.980603950937201,0.055467908881732406,1.0381901897861687,0.4264799643054135,0.3960756696465002,0.14219901129026088,1.111467824035779,0.8448370751926576,0.88,0.96,0.966899017802921
Oil/Gas (Integrated),4,0.2993819796439979,0.13845002805508974,0.2824095529705382,0.2712192455295165,0.024405283836666014,0.2780040123588666,0.15721649319411557,0.2026827904588578,1.0655664681976957,1.250926196365303,0.946268369906833,0.64,0.46,0.7150397157262005
Oil/Gas (Production and Exploration),142,0.72140595546977,0.37587625587778695,0.06664478996170788,0.562759894026207,0.027276696052157344,0.5785405692885324,0.5045189633960516,0.42219200974609405,1.854877982726361,1.1279889221313977,1.1361280842130776,0.82,0.75,0.8825315151266014
Oil/Gas Distribution,23,0.6692224517144899,0.5852713715207659,0.09166185880832112,0.4650757918129057,0.008908789544758232,0.46925629740907565,0.4564611173153585,0.42240372453265573,0.5691583913604785,0.8645108713214169,0.656489918658282,0.53,0.55,0.6140514174777548
Oilfield Svcs/Equip.,97,0.9512418716285248,0.37360623860545034,0.08746367186047936,0.7430388962534321,0.055928142862870525,0.7870575641420728,0.4765813226700708,0.4831643535406242,0.8220638280133856,1.1791731857829815,1.1869387038702228,0.85,0.78,0.9566338907590554
Packaging & Container,19,1.0219297750432532,0.55109591650755,0.1557025871337487,0.7230693503118022,0.03460978570776237,0.7489917958635104,0.38154365295589976,0.25447909143998576,0.1313982974075153,0.7782958213072473,0.6704997219078969,0.81,0.74,0.749557467815731
Paper/Forest Products,6,0.9579784309693652,0.43688176160689357,0.08598511133455124,0.7215533176034462,0.06252225788526006,0.7696751455408247,0.46710221978809086,0.5694450238249283,0.6728697636294969,0.9984958405826988,1.1258403034857074,1.59,0.96,1.0888022579218462
Power,46,0.4824326713170223,0.7414865026995126,0.12748334654668436,0.31002381536217716,0.0144784011965326,0.31457840775745605,0.22344962815356856,0.25379988697855693,0.1703543582940092,0.5574641631069509,0.4640263901945677,0.39,0.34,0.41321379221179494
Precious Metals,56,0.8365606512291942,0.07281104300881082,0.05974812957530874,0.7932430128835662,0.04531636337243584,0.8308962073401722,0.7326706104991456,0.6994720354601837,0.6760254149560369,0.9873774941222514,1.1872086171220402,0.83,1.15,0.9970964637168928
Publishing & Newspapers,19,0.563007176601541,0.2393987480231246,0.10205812286876828,0.47730712965508676,0.06754838821026646,0.511884073790114,0.3069368107166666,0.35925309700015134,0.12151893101077439,1.4642640113348089,0.9141555268995404,0.82,0.56,0.8540607224048926
R.E.I.T.,190,0.6417984635762964,0.844629934379348,0.01581382585274235,0.39290436962561487,0.019067870320492734,0.40054184967311207,0.25934541449375126,0.2636928702689285,0.23197729211948212,0.9882216516797577,0.6855568332302365,0.66,0.59,0.6648640669166213
Real Estate (Development),14,0.8435660615974878,1.0182937484544488,0.04907001511578525,0.4782878873556669,0.15212760300522743,0.564103618717777,0.6069532024375857,0.5210233738934074,0.8138820471471423,0.7424411801966027,0.8838048274406524,0.43,0.62,0.6480699252710065
Real Estate (General/Diversified),12,0.8099864769457396,0.5356019016772732,0.046482967477014005,0.57785949402086,0.07830585713347422,0.6269536358598106,0.46251713640767406,0.31209535325023385,0.46672027676013644,0.8332663411468256,0.6649391588559308,0.51,0.74,0.6750318271725135
Real Estate (Operations & Services),54,0.9654974066610451,0.24642281273824773,0.08697440271481936,0.8148915126864962,0.04978497600878914,0.8575864326620388,0.4308207605315895,0.505596255690735,0.29708489046465847,0.8711247503573315,0.8050206047433183,0.88,0.95,0.8727463575525377
Recreation,49,1.0234727002249695,0.6299053181462322,0.11454512843876968,0.6950913817523879,0.05622187183502513,0.7364987182992697,0.5364508541827235,0.4830813033858449,0.2509204466620062,1.073632586741868,1.0754929270701692,0.85,0.93,0.9331248464222615
Reinsurance,1,0.5813323223955235,0.4346722815513458,0.3035856573705179,0.43840910722706555,0.24111508039357982,0.5777016987693434,0.1879557391260007,0.1921142517209114,0.21973631342520947,1.2950268765575916,0.8316073808059627,0.61,0.58,0.7788671912265795
Restaurant/Dining,64,0.9240873147803257,0.2721981524363927,0.09916012680622868,0.767419655502052,0.01990750943642716,0.7830073823550779,0.49137844689177756,0.411494619604859,0.2209813352724318,1.332165894153193,1.1660017105464549,1.02,0.87,1.034234997410945
Retail (Automotive),34,0.9360151956832995,0.45355394519631387,0.10773098945749512,0.6984325625385885,0.020772624176115553,0.713248607812822,0.4825372615960231,0.44582095697030294,0.29759160491125186,1.1214912603915739,1.0827260845919955,1.06,0.99,0.9934931905592782
Retail (Building Supply),14,1.5353094340291733,0.2328921812948963,0.11839851054454309,1.3070143643127536,0.008076989118458873,1.3176570660974836,0.3865195809285255,0.45883505690255144,0.2848961536186289,1.4189632481805372,1.5670419621739333,1.7,1.57,1.514732455290391
Retail (Distributors),62,0.9484338145727029,0.2823636659199003,0.14586482228388625,0.7826829040437357,0.02363818330183412,0.8016320288830955,0.43297246786029253,0.3929235163979659,0.38702674062643194,1.064511615250408,1.00607436454125,0.91,0.93,0.9424436017349507
Retail (General),23,0.8052405395912856,0.07943684178442863,0.19099933477629175,0.7599637023048608,0.02684541547980239,0.7809280399984467,0.3806084813467897,0.43342745933177196,0.3761265127747763,1.0383563104796276,1.2201002971574864,1.17,1.03,1.0478769295271122
Retail (Grocery and Food),15,1.1183037944931133,0.5195017227110472,0.12221523285745305,0.804751465127235,0.051404586626224706,0.8483611176919518,0.4157715510638451,0.4942294835852475,0.333979659724327,0.21200696239163366,0.4731749077028324,0.36,0.47,0.47270859755728356
Retail (REITs),26,0.620739021744814,0.5641981493610073,0.016032624227080367,0.4361730155949174,0.014779130344806164,0.442715972660596,0.2004571607943027,0.18768911101931,0.16632632527871913,1.0650034437346438,1.355989844350516,0.79,0.69,0.8687418521491512
Retail (Special Lines),94,1.0893996802924664,0.19760978860946327,0.10067307943310284,0.9487830646597303,0.05299501204866487,1.0018775790318082,0.5308677688475226,0.5324516747558207,0.25765593153801364,1.2289647113509314,1.187876333197214,0.97,1.06,1.0897437247159907
Rubber& Tires,3,0.5294301574135339,3.5847235984078427,0.0,0.14353369356004206,0.07012413369742923,0.15435790814828812,0.36277061657452014,0.5076716036736197,0.6196360722085638,0.5892129358333806,0.267665547396446,0.26,0.18,0.2902472782756229
Semiconductor,66,1.5181994029054893,0.02591104732744511,0.05106370873021537,1.48925822268736,0.010228996908406993,1.5046492754744247,0.5440400597664541,0.5582720818010325,0.41935472146080105,1.135821074309048,1.534267220206094,1.46,1.46,1.4189475139979133
Semiconductor Equip,31,1.3972234247394333,0.04861265405817292,0.099620953538418,1.3480733569303134,0.03134157978115816,1.3916911563373942,0.47598492942989046,0.5007740861926404,0.49582416701865645,1.3414180698068143,1.6892473610771204,1.51,1.47,1.4804713174442656
Shipbuilding & Marine,8,0.7529325380371511,0.22550196647883228,0.052561473759605716,0.644012905556584,0.02535523030781677,0.6607667999490512,0.5290585304325847,0.500867632683849,0.7059846133135149,0.8023174759642652,0.7803339556376949,0.69,0.52,0.6906836463102023
Shoe,11,1.0173183278612625,0.11944728476926639,0.11861173771031724,0.9336746513867349,0.0664997484206909,1.0001868235248257,0.4536428192746412,0.500827620601969,0.2637399588380519,1.1884916532310223,1.2886673829152329,1.27,1.41,1.2314691719342161
Software (Entertainment),77,1.028311248084757,0.02044609811708157,0.05286401405640245,1.0127806880948524,0.007750679559072728,1.0206917427212765,0.6091442626711892,0.5706184370658361,0.5900855581478465,1.2075498828617475,1.3578802103729628,1.11,1.18,1.1752243671911973
Software (Internet),29,1.6886761161660595,0.12298911343132386,0.03054366211647507,1.5460643073174678,0.027953523483810944,1.5905250877083126,0.5617970760653243,0.526123151821511,2.3401804886371456,0.9750638036621639,1.416511407810549,1.51,1.6,1.4184200598362051
Software (System & Application),309,1.276648178078175,0.05577131922321719,0.05509792802786181,1.225391886520662,0.018272345449553515,1.2481994174665423,0.574139770333485,0.5678932632947824,0.48630696217783415,1.122454939608095,1.4129709426977197,1.27,1.22,1.2547250599544713
Steel,19,1.062846247426205,0.23512925389922143,0.09275991753479733,0.9035142702396447,0.04384254495118023,0.9449429751018495,0.3648257910016504,0.38509854793902265,0.852983590421012,0.9825569980735249,1.2125474928571525,1.08,0.96,1.0360094932065054
Telecom (Wireless),12,0.5381352736640138,0.519466977505286,0.04023108287054421,0.3872590553991877,0.013153696058015397,0.39242083985345116,0.5029827095145988,0.40180999688678365,0.5811123448932881,0.6272301130782924,0.7113584236080368,0.75,0.59,0.614201875307956
Telecom. Equipment,57,0.9232195753877382,0.09222748494322085,0.07062863646712804,0.8634913488563035,0.02677918368244727,0.8872512120358865,0.5619381481246962,0.5526305461735282,0.1130102108629903,1.0568634798545709,1.1784895771242725,1.05,0.95,1.024520853802946
Telecom. Services,39,0.6287201518745624,0.9606320738181406,0.034002984466728295,0.3654342533759909,0.042112948613688424,0.38150035836387236,0.5334807660091442,0.6028775992480886,0.09457916539987318,0.509153351164839,0.47390612503545576,0.41,0.52,0.4589119669128333
Tobacco,10,0.794314579701523,0.22968502777837752,0.1476725198349122,0.6775903166712723,0.01840866034890952,0.6902977739311797,0.563964922337651,0.659579872239021,0.10125604660709571,0.8622490848413021,1.7442504521558875,0.99,0.83,1.0233594621856739
Transportation,19,0.8599219267913129,0.3644955938376248,0.08538457407963723,0.67531101084817,0.05089848894324419,0.7115266417564335,0.44453815008849273,0.381329406156173,0.5477050755672548,0.715814769679072,0.9245938189921151,1.05,0.83,0.8463870460855242
Transportation (Railroads),4,0.9751457485154854,0.2779156347027222,0.16983557424101936,0.8069481235657714,0.008324868096860625,0.8137222539977831,0.23929433617664572,0.23898485836689182,0.13373089379615533,0.647608223077268,0.9323815338876874,0.86,0.83,0.8167424021925477
Trucking,26,1.0113489285521289,0.25231648451786204,0.12598448805395965,0.8504180575613394,0.021215013874322366,0.8688507380232171,0.43293535347074813,0.35290917410983413,0.3303248995554611,1.2784881792172302,1.232855746839977,1.03,0.96,1.074038932816085
Utility (General),14,0.2394349278899265,0.8148428973368238,0.12765942282237325,0.14861284002770483,0.003337758963226501,0.14911053505258812,0.1300880797936857,0.14962031044448046,0.13124562388702268,0.5962187862572423,0.4094617819876518,0.36,0.25,0.35295822065949645
Utility (Water),14,0.4126827948416138,0.6235944507219604,0.11191995155470791,0.281177328534438,0.004586510588919464,0.28247289345133525,0.2490832022451339,0.48066562851919736,0.21223033957041823,0.6141799524382789,0.8725208753424394,0.52,0.47,0.5518347442464107
