Industry name,Number of firms,  Dividends , Net Income ,Payout,Dividends + Buybacks,Cash Return as % of Net Income,Dividends + Buybacks - Stock Issuances,FCFE (before debt cash flows),FCFE (after debt cash flows),Net Cash Returned/FCFE (pre-debt),Net Cash Returned/FCFE (post-debt),Net Cash Returned/ Net Income,Cash/ Firm Value
Advertising,52,571.1,-111.31600000000039,0.0027465942927341557,2751.489,,755.4480000000003,1068.7549999999994,-1263.3129999999974,0.7068486229304197,,-6.786517661432298,0.07730501181468243
Aerospace/Defense,79,12526.490999999998,24976.88200000001,0.5015234087265174,32083.936,1.284545284715682,4059.0900000000074,6587.801000000021,5584.175000000047,0.6161524915521878,0.7268916178307402,0.16251387983496124,0.026120466599857
Air Transport,23,812.0,6148.183000000003,0.13207154048602646,5182.741000000001,0.8429711672538047,3721.788000000001,-853.9879999999982,-14944.989999999996,,,0.6053476287221768,0.0710560236928952
Apparel,35,1218.6199999999997,2432.7069999999994,0.5009316781675721,6158.235999999999,2.5314335018561627,5887.7069999999985,1761.7259999999997,-3469.041000000001,3.3420106191314654,,2.420228576643221,0.04603963126378228
Auto & Truck,33,3743.2,6419.643999999998,0.5830852925800871,12518.957000000002,1.9501014386467543,7601.042000000001,9814.40199999999,16496.88099999998,0.7744783635314724,0.46075630902593107,1.1840285847626446,0.029913881635151476
Auto Parts,35,693.9300000000001,633.4549999999999,1.0954685021035435,2351.1330000000003,3.711602244831915,1738.5880000000002,360.3819999999994,-49.55200000000059,4.8242920012653325,,2.7446116930168682,0.09447030010863032
Bank (Money Center),15,40401.779,143723.15999999997,0.2811083405068467,91770.65,0.6385237424504165,89661.65,103238.16399999998,486737.164,0.8684932637895422,0.184209582977313,0.6238496982671409,0.2316616747591599
Banks (Regional),568,18200.19977999999,50431.69399999998,0.36088813078537474,29963.263,0.5941355648295298,25767.894,44904.87799999998,23178.704000000318,0.573832847291112,1.1117055552372406,0.5109464298383475,0.23481406998633866
Beverage (Alcoholic),14,1538.0,153.49700000000013,0.00224154517375531,3718.8049999999994,24.22721616709119,3670.2049999999995,-935.6449999999999,-2585.229999999999,,,23.910597601256026,0.02368469924364032
Beverage (Soft),27,17711.0,24372.47,0.7266805539200581,20640.19,0.8468649258774346,20095.811999999998,19556.36,25591.214999999993,1.0275844789112083,0.7852621299926559,0.8245291511283016,0.034395917959575265
Broadcasting,24,894.77,1470.9800000000005,0.608281553794069,2423.978,1.6478660484846832,2336.8,-11349.776,-14700.822,,,1.588600796747746,0.09175881700704047
Brokerage & Investment Banking,32,14207.813999999998,51453.210000000014,0.2761307603548932,31828.72899999999,0.6185955939386479,29678.89199999999,36983.656000000025,61417.23700000008,0.8024866984486329,0.4832339168888361,0.5768132250640918,0.14506015247562656
Building Materials,41,2369.8299999999995,9273.930999999999,0.2555367297858912,12320.739999999996,1.3285347928510571,11950.091999999997,8018.5329999999985,8662.582999999997,1.4903090128830296,1.3795067822149585,1.2885681379341725,0.03161305724944799
Business & Consumer Services,155,8076.907899999999,18957.952,0.42604327197368147,22036.405,1.1623832046837126,20933.684999999998,20539.391000000003,32440.85400000003,1.0191969664533869,0.6452877288618845,1.1042165841542375,0.04024363311198222
Cable TV,9,5224.2,15611.2,0.3346443578968945,17685.43,1.1328680690786102,17226.73,19089.22,18549.020000000004,0.9024323675875703,0.9287137541498147,1.1034853182330633,0.028893507091752747
Chemical (Basic),29,4092.2999999999993,-4296.903,0.004131630042662541,4792.709999999999,,4633.428999999999,-8687.020999999999,-6018.4439999999995,,,-1.0783182678315053,0.08912014780552291
Chemical (Diversified),4,274.0,-653.598,,282.08,,280.91999999999996,-459.916,-285.78599999999983,,,-0.42980547676094477,0.09748112709643042
Chemical (Specialty),59,7870.1100000000015,6053.494999999999,1.3000935823024555,14612.83,2.413949297058972,13771.64,-2091.108999999993,2063.7669999999707,,6.673059507202216,2.274989902527383,0.039108107846628735
Coal & Related Energy,16,72.21,-183.88000000000002,0.0008172413793103449,337.23199999999997,,-802.3159999999998,-409.2320000000001,912.1399999999998,,-0.8795974302190454,4.363258646943657,0.14030603264913963
Computer Services,64,7760.469999999998,15218.98,0.5099205071561956,15395.196999999998,1.0115787654625998,13905.100999999999,16970.477,20749.961999999992,0.8193700742766393,0.6701265766173453,0.9136683930197687,0.048030253728172795
Computers/Peripherals,36,19202.07,119786.72600000002,0.1603021523436578,125382.12400000004,1.0467113359455205,122624.17300000004,108560.60100000002,113666.73400000001,1.1295458192977397,1.0788044019985656,1.023687491049718,0.01474015694541099
Construction Supplies,40,7224.299999999998,21569.83299999999,0.33492609794429107,15242.700999999997,0.7066675481446706,15140.474999999997,15418.071999999993,25571.166999999994,0.9819953493536678,0.5920916710606129,0.7019282439507066,0.029385735087736495
Diversified,20,4928.379999999999,74805.702,0.06588241094241719,12814.289999999999,0.1713009791686735,11131.202,63724.961,72371.372,0.17467569732996774,0.15380670135699512,0.14880151783081988,0.06424659262771254
Drugs (Biotechnology),496,20803.6,-10938.48400000001,0.0011705552086895756,35208.846,,9976.320999999996,1683.7799999999584,-3405.1170000000384,5.924955160413025,,-0.9120387249275117,0.04198898589831489
Drugs (Pharmaceutical),228,42241.200000000004,72040.94099999998,0.5863499201100111,59827.339,0.8304630418417219,53078.134999999995,72020.019,88883.49200000003,0.7369914051258442,0.5971652756397102,0.7367773694127623,0.031607075278297876
Education,32,339.3,2453.463,0.13829432112895118,1477.2799999999997,0.6021203498891158,375.135,2135.3999999999996,67.5669999999991,0.17567434672660862,5.552044637175026,0.15290020676896288,0.08255178105333023
Electrical Equipment,112,2905.707000000001,1265.0790000000004,2.296858140874997,8309.0,6.567969273065159,5211.244999999999,-226.36199999999928,7242.956000000006,,0.7194914617733416,4.119304011844317,0.03531033289858355
Electronics (Consumer & Office),8,0.0,-238.68199999999996,,109.78899999999999,,92.98199999999999,-141.88699999999994,-69.12499999999994,,,-0.38956435759713764,0.10516119216152936
Electronics (General),114,2212.1769999999997,11129.061000000003,0.19877481128012497,8449.374999999996,0.7592172421374987,6173.671999999997,8267.836000000005,11626.444000000003,0.7467095380217984,0.5310026006231996,0.5547343122658771,0.04276394737105285
Engineering/Construction,48,826.9089999999999,9927.423000000003,0.08329543326601473,3764.3540000000003,0.37918742860055416,2838.893,7733.593000000004,9398.768000000004,0.3670859068999362,0.3020494813788359,0.2859647463395082,0.03738629027811922
Entertainment,92,2622.463,11462.435999999992,0.22878758058060275,19102.065000000002,1.6664926198933643,15567.654000000002,19008.954,10704.534,0.8189642628416062,1.4543046899566112,1.3581453366457192,0.03364109650880357
Environmental & Waste Services,53,2582.174,6487.485999999998,0.39802382617858456,3994.3320000000003,0.6156979760727039,3767.137,5306.558999999998,11623.481999999989,0.7099020287911623,0.3240971165094938,0.5806774766065008,0.012488380313177587
Farming/Agriculture,35,3604.14,8696.789999999997,0.4144218728979314,6501.256,0.7475466235243121,6391.0470000000005,7799.345999999999,7498.406000000006,0.8194337063646108,0.8523207465693369,0.7348742467048189,0.03873786848086313
Financial Svcs. (Non-bank & Insurance),176,24037.584000000006,129763.973,0.1852408141048518,105217.34999999998,0.8108363790618524,97706.14599999998,133452.521,-12955.481999998447,0.7321416281075722,,0.7529527937619479,0.026932527562606865
Food Processing,78,11627.099999999999,8124.527000000001,1.4311110049852744,18534.779,2.281336378105457,18035.022999999997,4043.0620000000044,1954.724000000002,4.460733721125221,9.226378250842563,2.2198243663908057,0.025575346289782346
Food Wholesalers,13,1034.7,2717.55,0.3807473643539217,3257.566,1.1987142830858677,3043.395,1199.5930000000005,2796.659999999996,2.53702297362522,1.088224882538458,1.1199039576088756,0.010617965508753957
Furn/Home Furnishings,27,640.236,592.141,1.0812222088995695,1150.0729999999999,1.9422282868438427,1070.5739999999998,-123.0080000000005,1626.7510000000002,,0.6581056350971967,1.8079714122143205,0.04192766167124481
Green & Renewable Energy,15,45.1,-696.58,0.0012899800099950027,48.345,,45.213,-685.7310000000001,-7.838999999999942,,,-0.06490711763185851,0.019020611588943564
Healthcare Products,204,9780.43,27441.739000000023,0.3564070775543777,21628.873,0.7881742844358363,16730.756,25623.827000000027,16727.007000000005,0.6529374398289524,1.000224128560477,0.6096827901467902,0.032539271140781846
Healthcare Support Services,104,16728.049,33883.53199999998,0.4936925996971039,48292.14600000001,1.425239434897166,44852.50100000001,29519.622999999978,48470.193,1.5194130697400858,0.9253625418821834,1.3237256670880722,0.07512556581743074
Heathcare Information and Technology,115,1927.9700000000003,11442.421000000002,0.1684931886355169,18008.863,1.5738682399467734,16226.892000000002,15621.74300000001,12418.49500000002,1.0387376107774908,1.3066713800665841,1.4181345014311217,0.024622228934280354
Homebuilding,30,1533.8899999999999,16024.443999999998,0.09572188588883335,11748.837000000003,0.7331821934040273,11528.129000000003,12219.448999999997,14729.583000000006,0.9434246175911865,0.7826514165404409,0.719408985422521,0.0800055981891012
Hospitals/Healthcare Facilities,31,988.3822000000001,10587.484000000002,0.09335383175077289,12608.8,1.1909156131900644,12503.564999999999,6885.206000000001,8314.159000000007,1.8160044884641064,1.50388812626749,1.180976046811499,0.02324362589938683
Hotel/Gaming,63,4468.045,24441.622000000007,0.1828047663939815,32179.880000000005,1.316601655978478,27627.525000000005,21510.92600000001,29430.595,1.284348474816937,0.9387348437909598,1.1303474458446332,0.049603347588982626
Household Products,110,16754.746,24915.50099999999,0.6724627371530681,17209.388000000003,0.6907100924841932,15553.434000000003,24324.48999999999,22779.802000000003,0.6394145982094592,0.6827730109331065,0.6242472908732604,0.03138813877470186
Information Services,15,847.7,2643.5,0.3206733497257424,3538.37,1.3385171174579156,2997.92,3956.86,2835.960000000001,0.7576512689354691,1.0571094091595084,1.1340722526952904,0.025357620838586878
Insurance (General),21,2582.1079999999997,7046.812999999998,0.3664220974786759,4010.782,0.5691625419888396,-10596.832999999999,9866.094,28245.084000000006,-1.074065683947467,-0.3751744197326514,-1.5037766718089443,0.024967292240062125
Insurance (Life),20,6322.820000000001,18814.110000000004,0.3360679830191276,17713.203,0.9414850343704804,16187.303000000002,17706.757000000005,22119.088000000003,0.9141879001332653,0.7318250643968685,0.8603810119107413,0.1966940474769901
Insurance (Prop/Cas.),57,10949.780999999994,48696.63999999998,0.2248570127220276,25530.087999999996,0.5242679577071439,24091.177999999996,47941.89299999998,49884.463999999985,0.5025078588365296,0.4829394979567186,0.4947195124756042,0.046752606734882574
Investments & Asset Management,283,21514.293000000005,36940.71099999999,0.5824006202804275,36336.42,0.983641598019053,23564.042999999998,2454.830999999999,22207.214000000007,9.59904897730231,1.06109856914064,0.6378881824987074,0.0992207600520097
Machinery,105,6954.040999999999,20804.483999999997,0.33425683617051016,18732.537000000004,0.9004086330619883,17350.934000000005,22524.532999999996,22559.628999999983,0.7703127074821045,0.7691143325096356,0.8339997281355311,0.029141915386561183
Metals & Mining,73,3335.5,6414.491,0.5199944937174282,3497.668,0.5452760008549392,1894.524,3388.0769999999998,3056.5919999999996,0.5591738322358081,0.6198157948460247,0.295350636550897,0.046322445348490886
Office Equipment & Services,14,341.1599999999999,594.318,0.5740361220760601,900.77,1.5156364101373339,880.586,406.646,359.5749999999998,2.1654854590971016,2.4489633595216587,1.481674793629,0.055467908881732406
Oil/Gas (Integrated),4,30447.488,44951.6,0.6773393605566876,63620.18,1.4153040158748522,62637.178,42336.327999999994,41478.327999999994,1.479513716919427,1.510118199557128,1.3934360067272356,0.024405283836666014
Oil/Gas (Production and Exploration),142,14786.459980000001,35460.173,0.4169878127780144,31237.432999999997,0.8809159786107077,25430.772999999997,963.2000000000286,9752.632000000056,26.402380606311507,2.607580497244216,0.7171643804445059,0.027276696052157344
Oil/Gas Distribution,23,9873.14,14219.285,0.6943485555005051,13627.616999999998,0.958389750258188,11143.116999999998,1136.9449999999977,10848.493999999977,9.80092880482347,1.0271579631237315,0.7836622586860027,0.008908789544758232
Oilfield Svcs/Equip.,97,9182.870000000003,15285.653999999995,0.6007508739894286,23550.493,1.540692534320089,21944.068,14645.449999999983,21411.476999999984,1.4983539597622486,1.024874089723003,1.4355988955395698,0.055928142862870525
Packaging & Container,19,2767.8,4979.626,0.555824875201471,6192.389999999999,1.243545197972699,5816.03,3276.4279999999967,5209.48799999999,1.7751130194223728,1.1164302518788816,1.1679652246975978,0.03460978570776237
Paper/Forest Products,6,1261.0,379.2,3.32542194092827,1492.3,3.93539029535865,1492.3,98.2,223.4000000000001,15.196537678207738,6.679946284691134,3.93539029535865,0.06252225788526006
Power,46,27437.156000000006,49923.960000000014,0.5495789196209595,28249.540000000005,0.565851346728104,17260.230000000003,-44739.143000000004,15713.166999999987,,1.0984564728421722,0.34573038677220314,0.0144784011965326
Precious Metals,56,2610.8014999999996,10380.526000000003,0.25150955741549114,5309.584999999999,0.5114947932310941,3903.634999999999,7240.689000000007,3824.698000000006,0.5391247987587915,1.0206387537002903,0.37605367974609355,0.04531636337243584
Publishing & Newspapers,19,454.2020000000001,1967.199,0.23088767328572254,1035.207,0.5262340007289553,1024.7520000000002,2128.0940000000005,1674.7630000000017,0.4815351201591659,0.6118788150920453,0.5209193375962473,0.06754838821026646
R.E.I.T.,190,54420.04350000001,27926.05199999999,1.9487195504756645,46810.65900000002,1.6762361897772031,8498.56700000001,64257.505,132649.12700000778,0.13225796737672915,0.06406802059088947,0.30432396960372393,0.019067870320492734
Real Estate (Development),14,0.0,260.199,0.0,12.85,0.049385278190923095,-853.9179999999999,527.102,662.0849999999996,-1.620024207838331,-1.2897407432580414,-3.281788169823865,0.15212760300522743
Real Estate (General/Diversified),12,62.900000000000006,233.28,0.26963305898491086,95.077,0.40756601508916324,94.797,124.16099999999997,129.40099999999984,0.7635006161355016,0.7325832103306784,0.4063657407407407,0.07830585713347422
Real Estate (Operations & Services),54,360.13,1331.2250000000004,0.27052526808015165,2854.0359999999996,2.143917068865142,1733.2609999999995,2589.491,1590.8800000000047,0.6693442842628144,1.08949826511113,1.3020045446862845,0.04978497600878914
Recreation,49,1148.6999999999996,-2604.885,0.00562724438125783,3088.6259999999997,,2750.787,-2488.506,-2720.3109999999997,,,-1.056010917948393,0.05622187183502513
Reinsurance,1,237.0,867.0,0.27335640138408307,351.0,0.40484429065743943,347.0,519.8,1182.8,0.6675644478645634,0.2933716604666892,0.4002306805074971,0.24111508039357982
Restaurant/Dining,64,11348.427999999998,17583.246999999985,0.6454113964275203,18587.011,1.0570863845568463,17267.208,12592.447999999984,17559.71999999998,1.3712352038301068,0.9833418756107739,0.9820261297586284,0.01990750943642716
Retail (Automotive),34,644.6489999999999,9510.425999999998,0.06778339897708052,7657.513000000001,0.805170346733154,5445.077,7479.805999999998,10940.626000000004,0.7279703511026893,0.4976933678200862,0.5725376549904285,0.020772624176115553
Retail (Building Supply),14,12039.951,22293.120000000003,0.5400747405477563,14435.190999999999,0.6475177543565009,13759.190999999999,18907.955000000005,23249.18400000001,0.7276932381106257,0.5918139320502601,0.6171944976746188,0.008076989118458873
Retail (Distributors),62,5012.065000000001,14258.508000000005,0.35151398729796973,10799.800000000003,0.7574284770889071,6319.979000000004,2699.2560000000035,9998.177999999993,2.3413781427178435,0.6321130710015374,0.44324265904960053,0.02363818330183412
Retail (General),23,13006.525,110912.25499999999,0.11726860120191408,29796.525,0.26864952840423273,29455.575,33423.91999999999,31910.219999999994,0.881272304385602,0.923076525326369,0.26557547675863236,0.02684541547980239
Retail (Grocery and Food),15,1367.2,3652.0099999999998,0.374369182997856,9034.250000000002,2.473774715841414,8815.218000000003,8999.532,4112.711999999999,0.9795196016859548,2.1434075617256947,2.4137989764540633,0.051404586626224706
Retail (REITs),26,9864.233999999997,6110.404999999999,1.614333910763689,6345.755,1.0385162685615767,239.17399999999907,13166.333999999997,17017.203999999998,0.018165572892196044,0.014054835330175222,0.03914208632651995,0.014779130344806164
Retail (Special Lines),94,4703.787,15714.29700000001,0.29933168502542606,13484.790999999997,0.8581224473484235,12633.559999999998,9333.484000000006,13051.608000000002,1.3535738637361987,0.9679696172303057,0.8039532407972173,0.05299501204866487
Rubber& Tires,3,0.0,-1738.3,,0.0,,-3.63,-1934.3,-2937.4869999999974,,,0.002088247138008399,0.07012413369742923
Semiconductor,66,25363.1,154726.948,0.163921671873215,106612.07400000002,0.689033651720449,97416.73000000003,111403.03299999997,101804.82699999995,0.8744531219360971,0.9568969652097152,0.6296041591927479,0.010228996908406993
Semiconductor Equip,31,3803.6,19650.304,0.1935644354407952,16093.536999999998,0.8189968460538829,15338.077999999998,15000.766000000001,15813.63,1.0224863183653419,0.9699277142566254,0.7805516901926809,0.03134157978115816
Shipbuilding & Marine,8,106.30000000000001,724.8499999999999,0.14665103124784443,674.69,0.9307994757536043,666.25,437.5659999999999,555.704,1.522627443631361,1.1989296459985892,0.9191556873835968,0.02535523030781677
Shoe,11,2475.4700000000003,3812.48,0.6493070127580998,4774.794,1.2524115536343796,4313.538,3314.2909999999997,2426.2909999999997,1.3014964588203026,1.7778320902150648,1.1314257386268254,0.0664997484206909
Software (Entertainment),77,15397.205999999998,184686.67999999996,0.08336933665167408,121449.33600000001,0.6575966171464018,118580.59400000001,70403.63199999998,82767.48299999998,1.6842965431101629,1.4326954221865131,0.6420635965733968,0.007750679559072728
Software (Internet),29,142.758,-339.06100000000004,0.00022003390875462395,6727.737,,4141.223,-10619.365999999998,-415.28799999999865,,,-12.213799286853986,0.027953523483810944
Software (System & Application),309,34027.14220000002,162155.45400000017,0.20984272413063565,97914.657,0.6038320302195935,40988.88500000003,82068.6810000002,130998.26200000016,0.49944612854201875,0.3128964031599135,0.2527752473869919,0.018272345449553515
Steel,19,1355.8449999999998,2083.979,0.6506039648192232,4101.590999999999,1.968153709802258,3907.3839999999996,-1766.9999999999977,3096.0400000000027,,1.2620586297334648,1.874963231395326,0.04384254495118023
Telecom (Wireless),12,6032.2,11725.07,0.5144702760836396,18865.543,1.6089919292592711,18863.727000000003,13186.978000000003,12144.938000000004,1.4304814188663997,1.5532172333856291,1.6088370474547276,0.013153696058015397
Telecom. Equipment,57,7331.743,17688.408000000014,0.4144942269536068,18065.997000000003,1.0213466921387153,16107.105000000003,15844.357000000013,11139.322000000011,1.0165830648728749,1.4459681657465318,0.9106022995399016,0.02677918368244727
Telecom. Services,39,19576.644,41056.926,0.47681709049527965,15665.99,0.3815675338187764,13799.989,35612.62800000002,38971.35400000003,0.38750268584503206,0.3541059671675762,0.3361184176331175,0.042112948613688424
Tobacco,10,15432.85,17616.47,0.8760466767746319,16460.82,0.9343994568718931,16344.832,17144.259000000002,18020.129,0.9533705714548525,0.907031908595105,0.9278153909381391,0.01840866034890952
Transportation,19,7282.200000000001,25005.124,0.2912283098456141,17237.828,0.6893718263504712,16497.693000000003,16886.497,20364.458,0.9769754496743761,0.8101218799930744,0.6597724930298288,0.05089848894324419
Transportation (Railroads),4,5419.8,12694.0,0.42695761777217583,11615.8,0.9150622341263589,11601.109999999999,9491.039999999999,11512.44,1.2223223166270503,1.007702103116281,0.9139049944855836,0.008324868096860625
Trucking,26,906.1200000000001,3193.9639999999995,0.2836976246444857,3576.0330000000004,1.1196221998745135,3538.1200000000003,-784.3369999999978,615.9640000000018,,5.744036989174676,1.1077519972047276,0.021215013874322366
Utility (General),14,11209.699999999999,17139.5,0.6540272470025379,11283.999999999998,0.6583622626097609,5554.309999999999,-23132.380000000005,1550.3199999999997,,3.5826861551163627,0.3240648793722103,0.003337758963226501
Utility (Water),14,1246.75,2209.13,0.3483342398441463,1253.591,0.5674591354967792,621.5069999999998,-2217.8270000000007,656.7479999999996,,0.9463401487328477,0.2813356389166775,0.004586510588919464
