Industry  Name,Number of firms,Average Company Age (years),Market Cap ($ millions),Book Equity ($ millions),Enteprise Value ($ millions),Invested Capital ($ millions),Total Debt (including leases) ($ millions),Revenues ($ millions),Gross Profit ($ millions),EBITDA ($ millions),EBIT (Operating Income) ($ millions),Net Income ( $ millions)
Advertising,52,20.41860465116279,60588.03599999997,8293.197999999997,78377.83367625772,13519.59954636253,24356.430676257703,36885.518000000004,13368.398,6353.557000000002,3705.4476647484585,-111.31600000000039
Aerospace/Defense,79,51.02857142857143,1588348.4549999994,163579.16600000003,1787591.6597894942,219529.99619722867,247188.28078949475,500626.8700000001,87532.694,62321.12200000002,43538.330042101064,24976.88200000001
Air Transport,23,38.388888888888886,141606.996,43312.8,251475.2582503246,137355.74590684933,129103.90225032461,245113.36000000004,60775.306000000004,29506.307,11963.864549935088,6148.183000000003
Apparel,35,52.74193548387097,80477.87199999999,23344.788000000004,100796.6245213242,34906.93152132422,25183.356521324225,63226.69899999999,35965.475000000006,9708.675000000003,6251.206695735156,2432.7069999999994
Auto & Truck,33,30.653846153846153,1662402.352,203196.85499999998,1930303.6689357453,480498.38689271745,327424.76993574464,497113.96199999994,51745.31999999999,33848.96200000001,11844.78901285108,6419.643999999998
Auto Parts,35,50.25,56496.977,29135.770000000004,72372.54672512152,37662.24344504392,23425.908725121542,87955.01000000001,13935.724000000002,9087.98,5105.426054975694,633.4549999999999
Bank (Money Center),15,125.33333333333333,2036628.4999999998,1117569.4000000001,4134091.982450722,3154627.2824507216,3343933.482450722,497510.5,497510.5,6165.887000000001,385.61050985572166,143723.15999999997
Banks (Regional),568,85.43639575971731,673932.5739999999,517019.1299999996,784366.7666046364,590391.2192922021,351134.3226046361,183423.01900000003,182726.4890000001,2551.428000000003,-221.15352092722244,50431.69399999998
Beverage (Alcoholic),14,62.75,48056.997,27014.997,67252.6341499441,35227.80014994411,20827.137149944116,27406.206000000002,12869.349000000004,7769.355,6245.129170011177,153.49700000000013
Beverage (Soft),27,41.04545454545455,649310.724,78835.545,756053.6013488059,137570.05434880598,133674.368348806,181913.60999999993,99577.708,44677.158,37527.30793023881,24372.47
Broadcasting,24,49.04761904761905,59031.293999999994,36910.61100000002,99645.13155395996,58918.551666071115,50680.89855395994,71423.01199999999,27236.561999999998,12442.454,8819.933489208015,1470.9800000000005
Brokerage & Investment Banking,32,58.57142857142857,1022392.2580000003,289585.06999999983,2059111.0874073538,1353175.7834073536,1386094.2494073529,356108.32899999997,189702.27000000002,2265.877000000001,-421.4336814706887,51453.210000000014
Building Materials,41,59.87179487179487,209523.03699999998,57970.70000000001,255649.7689511562,64811.170063391284,54472.43595115619,124947.27199999998,38658.757,21979.57899999999,15990.007809768762,9273.930999999999
Business & Consumer Services,155,37.776923076923076,593493.8109999998,104188.83299999998,681914.236282317,104207.81949593085,117013.83428231758,269559.79699999996,89976.036,46621.683999999994,33210.98054353648,18957.952
Cable TV,9,18.22222222222222,188902.6,141152.4,452996.9442789667,295555.44427896664,277572.44427896664,220384.4,138651.19999999998,72970.44,40202.791144206676,15611.2
Chemical (Basic),29,39.0,53676.215,51833.06000000001,97469.30758136444,78843.04355308124,53329.45358136448,115318.40300000003,10730.823,10946.294999999998,3295.664483727107,-4296.903
Chemical (Diversified),4,36.0,4122.76,4271.3,10273.690173414025,9282.128173414027,7260.592173414025,12206.02,1869.79,1221.24,415.82156531719505,-653.598
Chemical (Specialty),59,73.28301886792453,441622.9749999999,173017.04200000004,551160.8654529098,201339.95045291004,131970.0274529101,208172.62300000005,73102.80599999998,41109.50899999997,25829.033109417986,6053.494999999999
Coal & Related Energy,16,56.46153846153846,23824.253000000004,7316.45,21944.561755545357,9977.745430895764,1701.7627555453628,8650.095,1285.3999999999999,703.2020000000001,-330.05255110907257,-183.88000000000002
Computer Services,64,32.46296296296296,423943.7760000001,83388.96499999997,504881.1375145135,72079.72364890964,106410.40751451337,341806.98900000006,82920.39200000002,35478.439000000006,26072.505497097325,15218.98
Computers/Peripherals,36,38.083333333333336,4333660.836000001,114471.667,4467248.232357294,194427.86305414076,200420.46635729528,673813.099,258442.992,174449.33500000002,151534.05892854088,119786.72600000002
Construction Supplies,40,63.45,566257.0549999997,94374.155,646470.4353625245,151955.26736252444,99785.53136252445,200035.55200000003,51054.015,38354.458,30551.491527495113,21569.83299999999
Diversified,20,42.0,1301997.8400000003,657734.074,1407835.0936940813,715171.6046658489,202495.84669408118,457067.803,117975.593,123146.277,104318.60526118377,74805.702
Drugs (Biotechnology),496,12.25522041763341,1600483.9590000028,192842.1049999999,1733218.2792254924,257509.76914837156,208700.1252254938,218894.7099999999,133046.16099999985,44582.38800000003,19176.552554901205,-10938.48400000001
Drugs (Pharmaceutical),228,17.925925925925927,2186138.6650000014,299620.04099999997,2424797.1036645467,377942.0840370806,317800.63666455,388630.616,278746.43200000015,146792.0860000001,114818.39086708993,72040.94099999998
Education,32,38.54838709677419,48661.207,15425.889999999994,55527.76940604802,14992.178751711446,11862.938406048012,27900.404,12783.184000000003,5762.645999999999,3778.1875187903966,2453.463
Electrical Equipment,112,31.61855670103093,550054.9919999999,82931.28699999998,594325.384686673,77742.24813091356,66024.35968667349,134439.79599999997,42780.814999999995,20332.115999999995,13109.556662665294,1265.0790000000004
Electronics (Consumer & Office),8,41.875,2434.87,828.49,2305.2814967330964,349.66070730777335,141.32749673309618,2533.74,982.395,-4.640999999999999,-107.72109934661924,-238.68199999999996
Electronics (General),114,39.78703703703704,518763.90900000004,88215.74600000001,551261.6932449412,81594.72320852311,57125.07024494096,171938.149,46018.652999999984,26185.792000000005,18084.526151011818,11129.061000000003
Engineering/Construction,48,48.31111111111111,264036.539,37981.532999999996,289777.48559253966,46978.53227841856,36995.41459253968,167014.57,25818.550999999996,16296.291,11280.34448149206,9927.423000000003
Entertainment,92,22.166666666666668,1001343.2329999997,188131.98199999993,1121648.536008516,197961.12638536462,159352.3760085165,258812.62499999994,107130.47400000002,51630.617000000006,26859.806798296704,11462.435999999992
Environmental & Waste Services,53,33.45238095238095,242996.59699999998,32867.507999999994,291427.72384604544,40009.29437741658,52116.61284604545,78749.883,28588.34600000001,18414.628,11695.63563079091,6487.485999999998
Farming/Agriculture,35,56.375,204285.505,72230.91999999998,298187.81100584124,161263.21411281932,105918.96600584136,222503.23000000004,29115.333000000006,18295.088999999996,12475.23139883173,8696.789999999997
Financial Svcs. (Non-bank & Insurance),176,33.55421686746988,3053411.6019999986,450298.5750000002,11056634.462141765,8537875.387443129,8309248.003141768,584824.3900000004,404699.7909999999,129521.10300000006,108406.56277164689,129763.973
Food Processing,78,57.89041095890411,302436.05500000005,176462.13399999996,423585.3294541338,170521.46682068924,132266.95445413358,288483.82,67027.22800000003,42029.47000000001,31056.751509173293,8124.527000000001
Food Wholesalers,13,43.44444444444444,72915.66100000002,14914.61,106025.2366186217,33210.14702065301,34247.429618621696,232077.84,35833.566,9570.980000000001,5907.807876275663,2717.55
Furn/Home Furnishings,27,66.28,52491.781999999985,19055.742000000002,71580.76969152206,28907.868577440604,22221.542691522063,53707.10000000002,16259.939999999999,6116.511,3692.7644616955877,592.141
Green & Renewable Energy,15,22.727272727272727,24208.068,9468.085,50608.45062768065,44822.41038648023,27381.65062768066,6434.074,3554.211,3742.3329999999996,1183.079874463868,-696.58
Healthcare Products,204,26.308108108108108,1246583.2850000006,243709.85900000003,1360211.9886240368,229024.0446230736,159377.64762403563,285602.77399999957,154227.10500000007,64489.31100000002,44182.02107519292,27441.739000000023
Healthcare Support Services,104,29.174418604651162,988249.9570000002,342541.92199999996,1237797.0564879049,251434.43657144884,350090.6984879044,2703892.9110000003,326586.19799999986,106885.565,80856.5461024191,33883.53199999998
Heathcare Information and Technology,115,24.96039603960396,722216.0430000003,178861.50500000006,815320.7679149887,124439.14148217064,113686.50891498846,153567.87199999994,74201.40499999998,35082.55699999997,22655.171417002297,11442.421000000002
Homebuilding,30,35.285714285714285,180618.88400000005,112598.97000000002,201635.58752965677,123068.87352965673,38551.56652965671,169210.33000000002,38403.21,22609.414999999994,21377.788694068655,16024.443999999998
Hospitals/Healthcare Facilities,31,23.666666666666668,181827.98999999996,20826.629999999994,284021.23783237464,101468.03283556069,108952.02983237465,168184.79700000002,65755.433,31946.751999999997,21620.293233525084,10587.484000000002
Hotel/Gaming,63,34.5,767051.379,53856.02099999999,1018783.2585076928,244590.2874121641,304904.47850769263,235443.80200000003,143278.387,66436.55400000002,38709.88549846151,24441.622000000007
Household Products,110,39.1,570380.1149999999,92207.24299999999,652738.4075980582,102489.89759805865,103510.46359805865,213350.287,108903.03600000001,49400.071999999986,40088.532480388254,24915.50099999999
Information Services,15,23.785714285714285,69058.02199999997,17686.899999999998,89632.46365549321,15691.641655493211,22906.441655493207,40511.2,13807.7,7794.05,5044.2356689013595,2643.5
Insurance (General),21,43.05263157894737,201157.06600000002,36949.14000000002,246399.36657881527,37321.59236726787,51551.75557881531,56983.499999999985,25470.76,15559.215999999999,12228.95568423694,7046.812999999998
Insurance (Life),20,89.94736842105263,229732.557,146145.69999999998,309740.99286092725,225712.42523367103,155850.28586092714,241264.2,72359.50000000003,23779.771,25689.01382781458,18814.110000000004
Insurance (Prop/Cas.),57,58.771929824561404,594922.6500000003,260204.93999999986,651206.6078814374,320343.6072755631,88222.78788143743,437408.9999999999,132054.2,76268.47500000002,66925.36562371251,48696.63999999998
Investments & Asset Management,283,10.98091603053435,923408.8190000003,232614.21099999978,1103683.7287630474,453845.8595218321,301845.5827630463,201180.19499999998,140359.61999999997,25694.204000000012,50666.15924739062,36940.71099999999
Machinery,105,70.3956043956044,605113.2509999999,126678.012,673793.2915726517,106796.33227070866,88905.06357265131,196663.0189999999,73696.22099999998,40676.57599999998,31583.658685469738,20804.483999999997
Metals & Mining,73,31.57377049180328,232490.7990000001,36047.91099999999,246076.275294961,67126.63788826134,25538.00129496093,60993.268,21155.17600000001,19579.123000000003,14490.288141007817,6414.491
Office Equipment & Services,14,65.3076923076923,13921.961,4493.673,19475.088997377065,7758.675997377063,6696.807997377065,13584.14,5627.964000000001,2205.031,1477.8454005245874,594.318
Oil/Gas (Integrated),4,112.0,855194.8,451434.5,949835.6440525668,590903.644052567,118401.74405256686,541779.9,195485.2,116358.34,62667.69118948663,44951.6
Oil/Gas (Production and Exploration),142,31.341666666666665,485812.648,290393.75100000016,650185.8501883122,516004.26248659566,182605.43918831323,242372.55399999983,138621.92599999992,124594.52000000005,62590.71476233736,35460.173
Oil/Gas Distribution,23,23.045454545454547,296353.377,78852.768,465615.1704116005,242796.55541160054,173447.1474116006,106504.62000000002,46188.62,39293.57,27751.72091767989,14219.285
Oilfield Svcs/Equip.,97,32.38636363636363,373803.3670000003,176793.67400000012,484741.8489229229,259780.1869229228,139655.26992292283,653862.0730000006,72518.20599999998,54198.96199999998,31686.514415415433,15285.653999999995
Packaging & Container,19,82.66666666666667,115023.747,40505.406,172238.0332730976,76175.59727309753,63389.11727309755,111248.80000000002,27000.23,17696.619999999995,10894.810545380491,4979.626
Paper/Forest Products,6,49.25,8341.766,5406.6,11236.73142499249,6646.96542499249,3644.36542499249,11012.1,1887.1,1373.1,724.4469150015021,379.2
Power,46,85.5909090909091,1073277.747,402641.9999999998,1842037.1490482423,1173473.102048242,795820.9630482423,392272.79999999993,170928.90000000002,147804.28700000004,83773.90439035157,49923.960000000014
Precious Metals,56,32.62222222222222,212091.10700000002,44129.153999999995,217222.68271356332,60117.55095825742,15442.5747135633,36314.314999999995,19979.872000000003,19404.142999999996,14682.268057287338,10380.526000000003
Publishing & Newspapers,19,71.6842105263158,35331.804000000004,14219.276000000002,40832.23664299843,11769.602944521914,8458.389642998427,24027.344,12119.914999999999,3570.068,2363.7074714003147,1967.199
R.E.I.T.,190,24.775956284153004,1242113.5479999997,554313.3209999998,2247550.76853894,1576350.3935389388,1049126.284538939,211026.32000000004,122553.89999999995,100770.60300000005,46867.855492212264,27926.05199999999
Real Estate (Development),14,14.461538461538462,6579.504000000001,5141.718,11259.212791131042,11267.89079113104,6699.867791131041,3711.61,1309.1000000000001,1004.3480000000001,786.5620417737921,260.199
Real Estate (General/Diversified),12,51.36363636363637,4734.186999999999,2166.5,6700.556560095822,5892.069560095825,2535.6395600958244,981.5999999999999,502.88,334.31,216.81208798083514,233.28
Real Estate (Operations & Services),54,37.54,138042.19099999993,40300.03799999999,163492.9859827703,45439.28298277044,34016.74498277041,111680.86300000001,35977.514,6610.973000000002,3084.9268034459155,1331.2250000000004
Recreation,49,43.65909090909091,69621.04600000002,20412.610000000004,107095.89613030346,42683.69536927546,43854.667130303475,55191.9,21962.71,10193.089000000007,4446.768573939304,-2604.885
Reinsurance,1,47.0,13370.1,11127.0,14556.711871569649,14254.61187156965,5811.611871569648,22304.0,2947.0,1678.8,1613.4776256860703,867.0
Restaurant/Dining,64,35.932203389830505,627015.8710000002,1604.2470000000003,781808.4426344959,134825.46879165483,170672.5616344956,187685.93,60511.12999999999,44490.837999999996,25885.944673100872,17583.246999999985
Retail (Automotive),34,33.53333333333333,252456.52200000003,27659.4,359336.46854364005,124179.94364417519,114502.65154364002,282815.745,62094.89,24178.722000000005,16512.469691272,9510.425999999998
Retail (Building Supply),14,46.84615384615385,524963.87,-5916.2,641996.2307853105,94389.68948689509,122259.98078531037,284195.80000000005,97248.70000000001,44394.57000000001,33589.97384293793,22293.120000000003
Retail (Distributors),62,45.39655172413793,356397.9489999998,77771.98700000001,446228.3794059735,139153.9280194727,100633.8314059736,235501.2999999999,71997.67999999998,30264.857000000004,24299.576918805276,14258.508000000005
Retail (General),23,42.95652173913044,3968753.6,425729.09,4169012.5858045816,686961.7916562672,315265.25180458155,1976571.1,655755.9999999999,239832.15899999999,128512.6606390837,110912.25499999999
Retail (Grocery and Food),15,57.266666666666666,94026.30099999998,28315.48,135528.79234964747,58592.28782111743,48846.82534964745,276535.763,72770.01099999998,15131.762999999999,5105.284930070512,3652.0099999999998
Retail (REITs),26,36.96,207644.53000000003,96009.49999999999,319996.9695509363,207262.53955093617,117152.65955093618,26569.799999999992,20886.699999999997,19130.724000000002,10267.742089812771,6110.404999999999
Retail (Special Lines),94,36.23809523809524,434128.32100000005,52180.83200000003,492363.35474219115,110054.32678258793,85788.00574219122,302790.87299999996,106897.05399999997,42533.04300000001,24453.898851561735,15714.29700000001
Rubber& Tires,3,63.0,2528.1200000000003,4774.5,10777.941423606835,11403.731423606836,9062.611423606837,18315.89,3295.04,1588.69,470.9261152786327,-1738.3
Semiconductor,66,29.206349206349206,7857941.525000001,493315.31999999995,7979087.459750574,487029.83718983794,203607.49475057123,508201.1109999999,299697.00299999997,227750.76000000004,179446.88104988585,154726.948
Semiconductor Equip,31,38.806451612903224,690400.6599999997,54922.91,701272.7284461142,60153.96007733508,33562.20844611425,92187.70800000003,42702.655000000006,28157.191999999995,24233.99831077715,19650.304
Shipbuilding & Marine,8,48.714285714285715,11113.87,7138.83,13274.729540190101,8818.451307555411,2506.1995401901,7645.616,2070.2419999999997,1659.5810000000001,1033.4830919619799,724.8499999999999
Shoe,11,64.77777777777777,118732.78099999999,19561.499999999996,124076.26930355397,23524.38830355394,14182.30830355394,60792.600000000006,26677.599999999995,7291.126,5555.8543392892125,3812.48
Software (Entertainment),77,14.559322033898304,5562520.755000002,505868.24,5632257.785135028,608937.8015229555,113731.84513503268,617054.8900000004,410004.5699999999,253633.066,207755.0529729935,184686.67999999996
Software (Internet),29,13.125,318435.506,23065.966999999997,347603.43756799516,39407.606267747346,39164.10056799501,36356.25,22751.273,6375.506,1359.3020864010011,-339.06100000000004
Software (System & Application),309,18.355805243445694,7001467.189999994,547362.1280000005,7256880.019684373,630758.0171728652,390481.0616843711,636079.4409999996,456200.6859999999,272938.23700000043,211226.05466312586,162155.45400000017
Steel,19,68.47368421052632,107159.194,56642.60000000001,126552.65533366191,66985.56133366194,25196.261333661925,108235.2,13254.499999999998,9250.754000000003,4445.202733267615,2083.979
Telecom (Wireless),12,28.77777777777778,237489.037,73001.56,356110.149241031,172952.29490909504,123367.71224103105,95804.77999999998,60339.58999999999,39633.372,18908.575751793782,11725.07
Telecom. Equipment,57,30.444444444444443,673903.4379999997,70876.78600000001,716344.8821813297,44863.88750699836,62152.41918132974,109934.705,63911.19799999999,29342.532,22997.829163734044,17688.408000000014
Telecom. Services,39,31.96875,402663.028,207174.83,756226.9676375323,510933.2765570822,386811.019637532,289210.19,170102.58400000003,112296.93599999997,60224.52407249358,41056.926
Tobacco,10,60.4,350172.37799999997,-11378.689999999999,422674.92936815054,39373.85191075723,80429.3523681505,66092.6,42504.729999999996,31336.588,28871.817126369893,17616.47
Transportation,19,41.5,384535.828,68353.464,497991.1359787027,164177.81461856756,140161.61497870274,303709.572,73203.802,39652.73499999999,23210.775004259453,25005.124
Transportation (Railroads),4,59.75,270029.2,43670.8,342201.8365062683,117973.23650626832,75045.33650626832,51338.8,26161.2,25370.5,19217.912698746335,12694.0
Trucking,26,44.76,119791.99000000003,42010.79999999999,146834.86079019893,59645.26179019889,30225.493790198892,84246.887,17853.104,14084.687,6161.783041960222,3193.9639999999995
Utility (General),14,108.0,350969.4,164557.40000000002,634828.3227725665,460586.9227725666,285984.9227725667,120882.70000000001,53400.2,46246.64,28051.415445486673,17139.5
Utility (Water),14,81.84615384615384,46224.37999999999,21486.58,74705.4308560632,47465.99085606317,28825.266856063165,10439.033999999998,6156.273999999999,5210.741000000001,3512.488628787365,2209.13
