Industry Name,Number of Firms,Beta,ROE,Cost of Equity,(ROE - COE),BV of Equity,Equity EVA (US $ millions),ROC,Cost of Capital,(ROC - WACC),BV of Capital,EVA (US $ millions),E/(D+E),Std Dev in Stock,Cost of Debt,Tax Rate,After-tax Cost of Debt,D/(D+E)
Advertising,52,1.210506967409714,-0.013422566300720232,0.09348861074647324,-0.10691117704719348,8293.197999999997,-886.6355596654305,0.2772269074749548,0.07806123736168302,0.1991656701132718,12887.958746362528,2566.8389401114955,0.7132664241793936,0.6291480405048702,0.052913,0.050166601892135954,0.039684750000000005,0.28673357582060643
Aerospace/Defense,79,0.945491480030761,0.15268987249879978,0.08166892000937194,0.07102095248942784,163579.16600000003,11617.548176746232,0.16012360749257398,0.07601499077840683,0.08410861671416715,242575.92973838677,20402.725898448713,0.865331880332444,0.46452299950863785,0.052913,0.1157525444051738,0.039684750000000005,0.134668119667556
Air Transport,23,1.185465100406711,0.1419484078609557,0.09237174347813931,0.04957666438281638,43312.8,2147.3041490800497,0.07929312533704834,0.06724495139171459,0.012048173945333751,138929.42208138894,1673.8458433612657,0.5230930742546499,0.590043262853523,0.052913,0.0829257860360182,0.039684750000000005,0.4769069257453501
Apparel,35,0.9358744642979875,0.10420771437290409,0.08124000110769025,0.022967713265213838,23344.788000000004,536.1763970212049,0.15768515602445898,0.07133569923061227,0.08634945679384672,35779.421321324226,3089.533595494524,0.7616594386251926,0.4626373673236945,0.052913,0.09612500297378584,0.039684750000000005,0.2383405613748074
Auto & Truck,33,1.4564933048347815,0.03159322520026207,0.10445960139563126,-0.07286637619536919,203196.85499999998,-14806.218478145884,0.022474128513756082,0.0938009413632943,-0.07132681284953821,539547.7628919051,-38484.22230717794,0.8354506447689691,0.6183460542354303,0.052913,0.03737150993812953,0.039684750000000005,0.1645493552310309
Auto Parts,35,1.3394463651948414,0.021741488211912706,0.09923930788768992,-0.07749781967577721,29135.770000000004,-2257.9586495749195,0.08975948273328078,0.08178348625932404,0.007975996473956748,49908.38809625312,398.0691274765798,0.706893607349337,0.49872040429854986,0.052913,0.14999691449019154,0.039684750000000005,0.293106392650663
Bank (Money Center),15,0.7610461819725333,0.12860334221749448,0.07344265971597498,0.055160682501519495,1117569.4000000001,61645.89084681365,,0.049849161250959236,,2609713.2354507213,,0.3785159443646745,0.22738717670540012,0.047306,0.1843478364577707,0.0354795,0.6214840556353255
Banks (Regional),568,0.3984765556409175,0.09754318761860904,0.05727205438158492,0.04027113323702412,517019.1299999996,20820.94627032028,,0.04980706468584031,,557876.066918205,,0.6574522855359877,0.2268255755296142,0.047306,0.17609708151159398,0.0354795,0.34254771446401233
Beverage (Alcoholic),14,0.8124756277132766,0.0056819180842404,0.07573641299601214,-0.07005449491177174,27014.997,-1892.5219698780286,0.15744765776572892,0.06483618264591318,0.09261147511981574,34766.26115369162,3219.754729844128,0.6976497214204875,0.5596193724547387,0.052913,0.12349880380286866,0.039684750000000005,0.3023502785795125
Beverage (Soft),27,0.6414687070147179,0.30915585095530196,0.06810950433285642,0.24104634662244553,78835.545,19003.0201062394,0.2902563541349132,0.06325671579570011,0.22699963833921308,120456.60666591444,27343.606148731422,0.8292759726142316,0.5788689759563741,0.052913,0.0684627965508008,0.039684750000000005,0.17072402738576842
Broadcasting,24,0.47075204848634544,0.03985249661675879,0.06049554136249101,-0.02064304474573222,36910.61100000002,-761.9473944653162,0.14567294791803095,0.05088211935972416,0.0947908285583068,55872.64715669756,5296.214517729286,0.5380559136211459,0.46623069933478634,0.052913,0.07728859528725333,0.039684750000000005,0.4619440863788541
Brokerage & Investment Banking,32,1.171457071047836,0.17767908407709018,0.09174698536873349,0.08593209870835669,289585.06999999983,24884.652819706367,,0.06081766824925591,,1298412.5044053877,,0.4244957382387696,0.366085597210624,0.050671999999999995,0.15273177578181318,0.038003999999999996,0.5755042617612304
Building Materials,41,1.1115321733442423,0.15997617762076355,0.08907433493115322,0.07090184268961033,57970.70000000001,4110.229452006594,0.20164568716545334,0.07853655745549157,,65306.725551156196,,0.7936614770616368,0.35282100910190417,0.050671999999999995,0.1802113978781021,0.038003999999999996,0.20633852293836322
Business & Consumer Services,155,0.8879785335242745,0.18195761920089848,0.07910384259518263,0.10285377660571585,104188.83299999998,10716.214954192234,0.28297691435712685,0.0723350904186299,0.21064182393849695,105710.29976144445,22267.010350835917,0.8353095352889235,0.41106991639716206,0.050671999999999995,0.10382630217002471,0.038003999999999996,0.16469046471107657
Cable TV,9,0.7407444081777597,0.11059819032478371,0.07253720060472808,0.03806098972005563,141152.4,5372.40004536118,0.12062120565621212,0.05198848097183416,0.06863272468437796,297385.44427896664,20410.37332233974,0.40495756914925196,0.4404071378928042,0.050671999999999995,0.10643042905457614,0.038003999999999996,0.595042430850748
Chemical (Basic),29,1.0122471500989898,-0.08289888731246041,0.08464622289441495,-0.16754511020687535,51833.06000000001,-8684.375750059584,0.037245953068641535,0.06223833727993208,-0.024992384211290547,80892.32035308123,-2021.6919500070044,0.5016202946219239,0.4580970692608343,0.052913,0.07683856093152415,0.039684750000000005,0.49837970537807613
Chemical (Diversified),4,0.8507028562562596,-0.15302086015967034,0.07744134738902918,-0.2304622075486995,4271.3,-984.3732271027602,0.040542644509719825,0.05228720198169101,-0.011744557471971187,10342.827173414025,-121.47192816082632,0.3621745103897218,0.3903520023839609,0.050671999999999995,0.0,0.038003999999999996,0.6378254896102782
Chemical (Specialty),59,0.9697828817775749,0.034987853971055624,0.08275231652727985,-0.04776446255622423,173017.04200000004,-8264.066024197677,0.10949443918503624,0.07245679943533023,0.037037639749706,204516.65218912464,7574.81408659672,0.7699239236034014,0.42305160954750315,0.050671999999999995,0.13675158334443216,0.038003999999999996,0.2300760763965986
Coal & Related Energy,16,1.0709931914897641,-0.02513240711000554,0.08726629634044347,-0.11239870345044901,7316.45,-822.3594938600377,-0.04759627013362316,0.0840941403647961,-0.13169041049841926,6770.202958808708,-891.5708068031314,0.933332221846033,0.6431490912216578,0.052913,0.03125,0.039684750000000005,0.06666777815396692
Computer Services,64,1.0878559034733686,0.1825059226961266,0.08801837329491224,0.09448754940121434,83388.96499999997,7879.218949953631,0.26348563236851774,0.07832070198141003,0.1851649303871077,90905.77324229068,16832.561174194954,0.7993597282303678,0.5342530314325552,0.052913,0.10526994226576537,0.039684750000000005,0.20064027176963217
Computers/Peripherals,36,1.3503292085851684,-0.0017413160406024974,0.09972468270289851,-0.10146599874350101,114471.667,-11614.982019988467,0.4476035274383902,0.09707073132665844,0.35053279611173177,325075.43026997347,113949.59951975809,0.9557968962195064,0.5457679517178851,0.052913,0.05911353077642165,0.039684750000000005,0.04420310378049363
Construction Supplies,40,1.1503560568511637,0.22855656826808135,0.0908058801355619,0.13775068813251945,94374.155,13000.10479317505,0.16706062867511484,0.08289517926725504,0.0841654494078598,152903.9816437458,12869.232331297011,0.8501814547512858,0.35513321135865794,0.050671999999999995,0.16038852383860958,0.038003999999999996,0.14981854524871416
Diversified,20,0.8809551761105191,0.11373244135744745,0.07879060085452916,0.03494184050291829,657734.074,22982.439107042657,0.14821356557111473,0.07296118587169716,0.07525237969941757,684745.1266940811,51528.700271308786,0.8654059844285302,0.2841172358254972,0.047306,0.02756045788007777,0.0354795,0.13459401557146977
Drugs (Biotechnology),496,1.1352650325488571,-0.0567224880686716,0.09013282045167903,-0.1468553085203506,192842.1049999999,-28319.886825488833,0.03525374326558564,0.08494335246520258,-0.049689609199616944,550049.9954584265,-27331.769314580288,0.8846440630087472,0.7567979803880647,0.060195,0.010795122386082115,0.04514625,0.1153559369912528
Drugs (Pharmaceutical),228,0.9828330980612211,0.24044099573432734,0.08333435617353047,0.15710663956079687,299620.04099999997,47072.29778657818,0.16949548287090127,0.07848751166460263,0.09100797120629864,604422.4486405352,55007.26080231835,0.8730797362167346,0.7664492440646036,0.060195,0.029938702770438724,0.04514625,0.12692026378326532
Education,32,0.7809055888612572,0.15904839202146528,0.07432838926321207,0.08472000275825321,15425.889999999994,1306.8814433485102,0.15944153901851482,0.06753811810806143,0.09190342091045339,20364.735111227306,1871.588822657012,0.803996597945147,0.4723775113573218,0.052913,0.15540367121320292,0.039684750000000005,0.19600340205485298
Electrical Equipment,112,1.2511238546074688,0.015254544403730292,0.09530012391549311,-0.08004557951176282,82931.28699999998,-6638.282927571321,0.15595603913111394,0.08992520361989992,0.06603083551121403,81731.74298699912,5396.815277219359,0.8928314031205313,0.7271388016174681,0.060195,0.048160938724098754,0.04514625,0.10716859687946864
Electronics (Consumer & Office),8,0.8659780184815811,-0.2880927953264372,0.07812261962427852,-0.36621541495071575,828.49,-303.40580913251847,-0.0834551474050309,0.07631357052138382,-0.15976871792641473,1901.8635073077733,-303.8582942335974,0.9451410472557655,0.7018361349746528,0.060195,0.0,0.04514625,0.05485895274423452
Electronics (General),114,0.9714771307987942,0.12615730756275645,0.08282788003362622,0.04332942752913023,88215.74600000001,3822.3377732351605,0.17911725405258233,0.0785483150088035,0.10056893904377884,93700.18876956029,9423.32857275648,0.9008054116266668,0.5183878524748988,0.052913,0.08036356729856782,0.039684750000000005,0.09919458837333321
Engineering/Construction,48,1.2099722611351151,0.2613749950535173,0.09346476284662614,0.16791023220689116,37981.532999999996,6377.488025603699,0.2531760347582192,0.08685545161468271,0.16632058314353648,38499.25859253971,6403.219139705012,0.8771046922061482,0.4592364631713382,0.052913,0.1363531807406391,0.039684750000000005,0.12289530779385183
Entertainment,92,0.8251696372652437,0.06092763111377839,0.07630256582202988,-0.015374934708251485,188131.98199999993,-2892.5169397839427,0.12420599801084616,0.07127529087570077,0.05293070713514539,213734.91998415056,11313.140454234806,0.8627095900322758,0.48706590208810535,0.052913,0.03304355681192803,0.039684750000000005,0.1372904099677242
Environmental & Waste Services,53,0.9454812982377585,0.1973829594869194,0.08166846590140403,0.11571449358551536,32867.507999999994,3803.247043637874,0.31754796538384716,0.07425419573500486,0.2432937696488423,35262.81194118144,8579.222445588242,0.8234012876847037,0.5491271709973529,0.052913,0.04267831701608498,0.039684750000000005,0.17659871231529634
Farming/Agriculture,35,1.1291737409456368,0.1204025921309046,0.08986114884617541,0.030541443284729186,72230.91999999998,2206.0365465838104,0.07277942934792668,0.07272847417372198,5.095517420469764e-05,160518.44911281936,8.179245537611603,0.658551130283848,0.507938158066483,0.052913,0.06294399257877176,0.039684750000000005,0.3414488697161519
Financial Svcs. (Non-bank & Insurance),176,0.9697132427444908,0.28817318153849353,0.0827492106264043,0.20542397091208925,450298.5750000002,92502.12137255528,,0.05002808150982288,,8291784.2259324975,,0.2687233190210403,0.42469192147740364,0.050671999999999995,0.12056567700542625,0.038003999999999996,0.7312766809789597
Food Processing,78,0.6074530378003583,0.04604119204406767,0.06659240548589598,-0.020551213441828316,176462.13399999996,-3626.5109802345087,0.15949707214923414,0.05789381991348973,0.10160325223574442,174015.70207912903,17680.5612713259,0.6957302995895424,0.4346763943257051,0.050671999999999995,0.10372593278493082,0.038003999999999996,0.30426970041045764
Food Wholesalers,13,0.866641638658665,0.18220724511066666,0.07815221708417647,0.10405502802649019,14914.61,1551.940161554171,0.17837019301943033,0.06532155653709673,0.1130486364823336,30089.53202065301,3401.5805673263385,0.6804176753309266,0.3397822415435992,0.050671999999999995,0.09152840668006618,0.038003999999999996,0.3195823246690734
Furn/Home Furnishings,27,0.8231584740017082,0.03107415077303208,0.07621286794047619,-0.04513871716744411,19055.742000000002,-860.1517485537859,0.1058742891265975,0.06534852566141613,0.04052576346518137,30524.306045185098,1237.020806725977,0.7025759088720676,0.5150986273981181,0.052913,0.11382525542555506,0.039684750000000005,0.2974240911279325
Green & Renewable Energy,15,0.8563295187054536,-0.07357137161316149,0.07769229653426324,-0.15126366814742473,9468.085,-1432.1772674316098,0.036367416094179386,0.06041822528094039,-0.024050809186761002,32517.18162768066,-782.064530618598,0.4692421017976064,0.6514340075377375,0.060195,0.0,0.04514625,0.5307578982023936
Healthcare Products,204,0.9085611350704943,0.11260003642281874,0.08002182662414405,0.03257820979867469,243709.85900000003,7939.630916507429,0.16980778635574598,0.07544927539941833,0.09435851095632765,253637.87527105233,23932.892232703256,0.8866414820456079,0.6179058995412937,0.052913,0.048453372827770576,0.039684750000000005,0.11335851795439207
Healthcare Support Services,104,0.8719538873399333,0.09891791288541897,0.07838914337536103,0.020528769510057943,342541.92199999996,7031.964164270245,0.3119296654846798,0.06826462981764432,0.2436650356670355,235104.5636084534,57286.76187713662,0.7384143588163841,0.47240032307194035,0.052913,0.09799646168506736,0.039684750000000005,0.26158564118361594
Heathcare Information and Technology,115,1.1083338991481437,0.06397363703274217,0.08893169190200721,-0.024958054869265042,178861.50500000006,-4464.035255789326,0.13716783348113318,0.08223388617482975,0.054933947306303424,155090.91107652016,8519.755936764148,0.8639954996494013,0.6378002122444473,0.052913,0.06381881317110165,0.039684750000000005,0.13600450035059872
Homebuilding,30,0.9106178132748846,0.14231430358554786,0.08011355447205985,0.06220074911348801,112598.97000000002,7003.740283407164,0.1490812879349228,0.07270658292621202,0.0763747050087108,119034.87652965669,9091.253580700843,0.8241023530476334,0.32794046675316896,0.050671999999999995,0.16989203344780976,0.038003999999999996,0.17589764695236668
Hospitals/Healthcare Facilities,31,0.7996783314027625,0.5083628028154341,0.07516565358056321,0.4331971492348709,20826.629999999994,9022.036744169436,0.22163970318779982,0.06187135479202335,0.15976834839577647,86479.39034011056,13816.66936491313,0.6253111548201213,0.5645694737555678,0.052913,0.11347796258733156,0.039684750000000005,0.3746888451798786
Hotel/Gaming,63,1.0803675683074194,0.4538326736020845,0.0876843935465109,0.3661482800555736,53856.02099999999,19719.28945978685,0.14575119045322596,0.07355342501803572,0.07219776543519024,245999.59616230676,17760.62114087775,0.7155624680137498,0.3965335196981276,0.050671999999999995,0.08308178299623932,0.038003999999999996,0.28443753198625027
Household Products,110,0.8155158251324154,0.2702119723935352,0.07587200580090572,0.1943399665926295,92207.24299999999,17919.552524218467,0.34419837512001855,0.07031359655279625,0.2738847785672223,109028.24519805863,29861.17679364311,0.846398707912791,0.5546378639806525,0.052913,0.06500436608160612,0.039684750000000005,0.15360129208720896
Information Services,15,0.9205673234850804,0.149460900440439,0.08055730262743459,0.06890359781300441,17686.899999999998,1218.6910441588275,0.2217430042193927,0.06995815698857832,0.15178484723081437,18653.93265549321,2831.384318367936,0.7509207280183494,0.32375244548022786,0.050671999999999995,0.18162842926123732,0.038003999999999996,0.24907927198165059
Insurance (General),21,0.6719750422408106,0.190716563362503,0.06947008688394016,0.12124647647856285,36949.14000000002,4479.953033913128,0.4450609958826383,0.06339397763978913,0.3816670182428492,23964.032110541906,9146.280680706423,0.7960033399042334,0.46070163153831,0.052913,0.12768801589234566,0.039684750000000005,0.20399666009576656
Insurance (Life),20,0.6444930925180267,0.12873529635151773,0.068244391926304,0.06049090442521374,146145.69999999998,8840.485570855959,0.1076576568830416,0.056021405832597446,0.05163625105044416,202381.1058609271,10450.201590101347,0.5958059629817617,0.3515193422631459,0.050671999999999995,0.15186017647763664,0.038003999999999996,0.4041940370182383
Insurance (Prop/Cas.),57,0.4841100151289049,0.18714725400678406,0.06109130667474916,0.1260559473320349,260204.93999999986,32800.38021217528,0.18488979223477825,0.057783745996990626,0.12710604623778762,295495.77262940677,37559.29933890416,0.8708579711005129,0.28696879528535113,0.047306,0.1836669176395358,0.0354795,0.12914202889948714
Investments & Asset Management,283,0.6595817512663942,0.15880676782898712,0.06891734610648118,0.08988942172250594,232614.21099999978,20909.55691122696,0.14253207300518655,0.06130173831332419,0.08123033469186236,343934.2316666383,27937.892750269555,0.7536466040613984,0.3004225728309703,0.050671999999999995,0.03534923619833761,0.038003999999999996,0.24635339593860164
Machinery,105,0.9636207903494385,0.16423121638505028,0.08247748724958495,0.08175372913546533,126678.012,10356.399880467226,0.24408325788322105,0.07699565637316959,0.16708760151005148,112585.86933282952,18811.702870746543,0.871898101669845,0.45034116660736356,0.052913,0.13373442732400442,0.039684750000000005,0.128101898330155
Metals & Mining,73,1.0430314762308461,0.17794348748808222,0.08601920383989574,0.09192428364818649,36047.91099999999,3313.678395688581,0.2704361776786952,0.08197386647097057,0.18846231120772464,52216.92445154385,9840.922266297102,0.9010265471692787,0.7756025957468325,0.060195,0.02516414295193868,0.04514625,0.0989734528307213
Office Equipment & Services,14,1.334375038621748,0.1322566194736466,0.09901312672252996,0.033243492751116654,4493.673,149.38538580138862,0.18260160203320722,0.07919785997210449,0.10340374206110273,7037.829197377066,727.7378749956757,0.6752081563051134,0.3960756696465002,0.050671999999999995,0.12297383351664745,0.038003999999999996,0.32479184369488656
Oil/Gas (Integrated),4,0.2993819796439979,0.09957502140399105,0.05285243629212231,0.04672258511186874,451434.5,21092.18684868391,0.0844906040235468,0.05073966589573278,0.03375093812781402,532912.9440525669,17986.311802229397,0.878387259305869,0.2026827904588578,0.047306,0.2824095529705382,0.0354795,0.12161274069413096
Oil/Gas (Production and Exploration),142,0.72140595546977,0.12211066139642923,0.07167470561395174,0.05043595578247749,290393.75100000016,14646.286384943787,0.13731095270967508,0.06247619033696484,0.07483476237271025,424137.5838865959,31740.235303488866,0.7268095482627659,0.42219200974609405,0.050671999999999995,0.06664478996170788,0.038003999999999996,0.2731904517372341
Oil/Gas Distribution,23,0.6692224517144899,0.18032702415722426,0.06934732134646625,0.11097970281075802,78852.768,8751.05675844565,0.12351055159122301,0.057775581011015355,0.06573497058020766,204077.03041160063,13414.997590202713,0.6308068246010716,0.42240372453265573,0.050671999999999995,0.09166185880832112,0.038003999999999996,0.36919317539892843
Oilfield Svcs/Equip.,97,0.9512418716285248,0.08646041260503463,0.08192538747463221,0.004535025130402423,176793.67400000012,801.763754486174,0.11937951003115008,0.07043638484807473,0.04894312518307535,240535.5383741355,11772.56096562374,0.7280106713953535,0.4831643535406242,0.052913,0.08746367186047936,0.039684750000000005,0.27198932860464653
Packaging & Container,19,1.0219297750432532,0.12293731853965369,0.0850780679669291,0.03785925057272459,40505.406,1533.5043153039421,0.14816927195835602,0.06745596737321397,0.08071330458514206,61886.54527309754,4995.067578349705,0.6447054559021737,0.25447909143998576,0.047306,0.1557025871337487,0.0354795,0.3552945440978263
Paper/Forest Products,6,0.9579784309693652,0.07013649983353679,0.08222583802123369,-0.012089338187696905,5406.6,-65.3622158456021,0.1041420566237548,0.0692912835074329,0.0348507731163219,6411.96542499249,223.46195225611376,0.6959514879510198,0.5694450238249283,0.052913,0.08598511133455124,0.039684750000000005,0.30404851204898026
Power,46,0.4824326713170223,0.12399093984234143,0.061016497140739194,0.06297444270160224,402641.9999999998,25356.155558258517,0.06921872420290816,0.050143407587657896,0.019075316615250262,1056586.4590482418,20154.72123773137,0.5742220789250334,0.25379988697855693,0.047306,0.12748334654668436,0.0354795,0.42577792107496654
Precious Metals,56,0.8365606512291942,0.23523056888876692,0.07681060504482207,0.15841996384394486,44129.153999999995,6990.938981143874,0.25451637862422194,0.0746615642309349,0.17985481439328704,54124.794158257406,9734.604807408252,0.9321305988754509,0.6994720354601837,0.060195,0.05974812957530874,0.04514625,0.06786940112454905
Publishing & Newspapers,19,0.563007176601541,0.13834733920348685,0.06461012007642873,0.07373721912705812,14219.276000000002,1048.4898702401185,0.17632773244458913,0.059470957360467105,0.11685677508412202,12153.897144521914,1420.2652250129502,0.8068428353627335,0.35925309700015134,0.050671999999999995,0.10205812286876828,0.038003999999999996,0.19315716463726645
R.E.I.T.,190,0.6417984635762964,0.05037954337741777,0.06812421147550282,-0.017744668098085052,554313.3209999998,-9836.105903492275,0.03203080280639824,0.05317666020925714,-0.021145857402858903,1440092.0784337278,-30451.981737546306,0.5421141559954485,0.2636928702689285,0.047306,0.01581382585274235,0.0354795,0.4578858440045514
Real Estate (Development),14,0.8435660615974878,0.05060545910919269,0.07712304634724795,-0.026517587238055265,5141.718,-136.34595561847902,0.07043355884782262,0.058234228427467324,0.0121993304203553,10619.44679113104,129.5501402863894,0.4954680163706453,0.5210233738934074,0.052913,0.04907001511578525,0.039684750000000005,0.5045319836293547
Real Estate (General/Diversified),12,0.8099864769457396,0.10767597507500577,0.07562539687177999,0.03205057820322578,2166.5,69.43757767728866,0.05194923071492735,0.06250344665390668,-0.01055421593897933,3979.5395600958245,-42.00091985496214,0.6512104464755757,0.31209535325023385,0.050671999999999995,0.046482967477014005,0.038003999999999996,0.34878955352442437
Real Estate (Operations & Services),54,0.9654974066610451,0.03303284726431277,0.08256118433708262,-0.04952833707276985,40300.03799999999,-1995.9938661094334,0.059426974075348735,0.07408434049119778,-0.01465736641584904,49012.57690832845,-718.3952987303516,0.802295970340205,0.505596255690735,0.052913,0.08697440271481936,0.039684750000000005,0.19770402965979508
Recreation,49,1.0234727002249695,-0.1276115597172532,0.08514688243003364,-0.21275844214728684,20412.610000000004,-4342.9551037601295,0.08024512691065157,0.0675772489837691,0.012667877926882468,49102.90316927546,622.0295832039118,0.6135325707982515,0.4830813033858449,0.052913,0.11454512843876968,0.039684750000000005,0.3864674292017484
Reinsurance,1,0.5813323223955235,0.07791857643569695,0.06542742157884035,0.012491154856856604,11127.0,138.98908009224343,0.10144338115914428,0.05635389895782815,0.04508948220131613,11076.611871569648,499.4386938340266,0.6970232943503138,0.1921142517209114,0.047306,0.3035856573705179,0.0354795,0.30297670564968615
Restaurant/Dining,64,0.9240873147803257,0.0010275118300474612,0.08071429423920252,,1604.2470000000003,,0.18360436293768279,0.07157604548474453,0.11202831745293826,127944.40579165489,14333.396508355067,0.786041072363527,0.411494619604859,0.050671999999999995,0.09916012680622868,0.038003999999999996,0.21395892763647292
Retail (Automotive),34,0.9360151956832995,0.34384064730254443,0.08124627772747516,0.26259436957506926,27659.4,7263.202705824671,0.12190476293616061,0.06775334495577662,0.05415141798038399,120853.44524856325,6544.3854280244,0.687968962765219,0.44582095697030294,0.050671999999999995,0.10773098945749512,0.038003999999999996,0.31203103723478104
Retail (Building Supply),14,1.5353094340291733,,0.10797480075770113,,-5916.2,,0.3494656524485739,0.09507487396524136,0.2543907784833326,84654.35948689509,21535.288411879133,0.8111009341868876,0.45883505690255144,0.052913,0.11839851054454309,0.039684750000000005,0.1888990658131124
Retail (Distributors),62,0.9484338145727029,0.1833373242733274,0.08180014812994255,0.10153717614338487,77771.98700000001,7896.747943040039,0.1611399066695283,0.07215667392072084,0.08898323274880746,128842.59820597363,11464.830904123233,0.7798099919515831,0.3929235163979659,0.050671999999999995,0.14586482228388625,0.038003999999999996,0.22019000804841693
Retail (General),23,0.8052405395912856,0.26052308288353043,0.07541372806577135,0.1851093548177591,425729.09,78806.4371770517,0.13590825384807578,0.07266070858883131,0.06324754525924448,854367.0061163937,54036.615887351814,0.9264089952191082,0.43342745933177196,0.050671999999999995,0.19099933477629175,0.038003999999999996,0.0735910047808918
Retail (Grocery and Food),15,1.1183037944931133,0.12897574047835317,0.08937634923439286,0.03959939124396031,28315.48,1121.275770780533,0.06763219560214334,0.07238731195941303,-0.00475511635726969,61392.96982111744,-291.93071501775995,0.658110474673126,0.4942294835852475,0.052913,0.12221523285745305,0.039684750000000005,0.341889525326874
Retail (REITs),26,0.620739021744814,0.06364375400351006,0.0671849603698187,-0.0035412063663086413,96009.49999999999,-339.9894526261094,0.051639531083079775,0.055748965465593825,-0.00410943438251405,195647.0755509362,-803.9988191073412,0.6393051931486502,0.18768911101931,0.047306,0.016032624227080367,0.0354795,0.36069480685134975
Retail (Special Lines),94,1.0893996802924664,0.30115075589442497,0.088087225741044,0.21306353015338098,52180.83200000003,11117.832272260513,0.21539093465658196,0.08010064856846762,0.13529028608811433,102088.82274961365,13811.626036194026,0.834996515151311,0.5324516747558207,0.052913,0.10067307943310284,0.039684750000000005,0.16500348484868904
Rubber& Tires,3,0.5294301574135339,-0.3640800083778406,0.06311258502064361,-0.4271925933984842,4774.5,-2039.6310371810628,0.03168147259457092,0.04479472762848332,-0.013113255033912398,14422.502423606837,-189.1259525079761,0.21811565703705116,0.5076716036736197,0.052913,0.0,0.039684750000000005,0.7818843429629488
Semiconductor,66,1.5181994029054893,0.31364715776513896,0.10721169336958483,0.20643546439555413,493315.31999999995,101837.77717764139,0.27226966835133587,0.10550619089928288,0.166763477452053,647009.4375554576,107897.54375104504,0.9747433781954636,0.5582720818010325,0.052913,0.05106370873021537,0.039684750000000005,0.025256621804536385
Semiconductor Equip,31,1.3972234247394333,0.3577797316274757,0.10181616474337873,0.25596356688409694,54922.91,14058.263947254238,0.28404463068412095,0.09893581330056925,0.1851088173835517,78687.03744611423,14565.664445065455,0.9536409808998203,0.5007740861926404,0.052913,0.099620953538418,0.039684750000000005,0.046359019100179664
Shipbuilding & Marine,8,0.7529325380371511,0.10153624613557122,0.07308079119645694,0.028455454939114277,7138.83,203.13865538299717,0.11992332943837858,0.06693565788096567,0.05298767155741291,8164.897540190099,432.6389091595215,0.8159921626835454,0.500867632683849,0.052913,0.052561473759605716,0.039684750000000005,0.18400783731645468
Shoe,11,1.0173183278612625,0.1948971193415638,0.08487239742261231,0.1100247219189515,19561.499999999996,2152.2485978175696,0.20929696659653424,0.0800507842361955,0.12924618236033875,23426.258303553943,3027.7544527215327,0.8932979816071588,0.500827620601969,0.052913,0.11861173771031724,0.039684750000000005,0.1067020183928412
Software (Entertainment),77,1.028311248084757,0.36508850605050824,0.08536268166458016,0.2797258243859281,505868.24,141504.41046465852,0.2701916640773067,0.08444745892589496,0.18574420515141177,781520.2835862611,145162.863884436,0.9799635687227297,0.5706184370658361,0.052913,0.05286401405640245,0.039684750000000005,0.020036431277270336
Software (Internet),29,1.6886761161660595,-0.01469962217495586,0.11481495478100626,-0.1295145769559621,23065.966999999997,-2987.378958085182,0.034347801967415575,0.10658673852546652,-0.07223893655805094,48591.38946774734,-3510.1903010281453,0.8904805826162221,0.526123151821511,0.052913,0.03054366211647507,0.039684750000000005,0.1095194173837779
Software (System & Application),309,1.276648178078175,0.2962489469128928,0.09643850874228661,0.19981043817060617,547362.1280000005,109368.66663367552,0.2931842949283384,0.09344048072400105,0.19974381420433737,707701.051164431,141358.90727600237,0.9471748112420303,0.5678932632947824,0.052913,0.05509792802786181,0.039684750000000005,0.05282518875796975
Steel,19,1.062846247426205,0.03679172566231069,0.08690294263520874,-0.050111216972898054,56642.60000000001,-2838.429618509076,0.06720259161412713,0.07759414206880617,-0.010391550454679044,60009.258533661916,-623.5892378004268,0.8096318639066042,0.38509854793902265,0.050671999999999995,0.09275991753479733,0.038003999999999996,0.1903681360933958
Telecom (Wireless),12,0.5381352736640138,0.16061396496184466,0.06350083320541502,0.09711313175642963,73001.56,7089.410114704903,0.10372019614469251,0.05478411670071081,0.0489360794439817,175093.4142895825,8568.385231793009,0.6581255234923467,0.40180999688678365,0.050671999999999995,0.04023108287054421,0.038003999999999996,0.3418744765076534
Telecom. Equipment,57,0.9232195753877382,0.2495656053027011,0.08067559306229313,0.16889001224040798,70876.78600000001,11970.381255100778,0.2547374909112715,0.07721433392584677,0.17752315698542476,88616.51171738349,15731.482921105802,0.9155601866693409,0.5526305461735282,0.052913,0.07062863646712804,0.039684750000000005,0.0844398133306591
Telecom. Services,39,0.6287201518745624,0.19817526096196145,0.06754091877360549,0.13063434218835596,207174.83,27064.14763503447,0.12036566743047672,0.05389249919761376,0.06647316823286295,483635.346844767,32148.77377417122,0.5100396006745912,0.6028775992480886,0.052913,0.034002984466728295,0.039684750000000005,0.4899603993254088
Tobacco,10,0.794314579701523,,0.07492643025468793,,-11378.689999999999,,0.6307780350577148,0.0693639802170545,0.5614140548406603,39120.127156691924,21962.589212920644,0.8132163744456251,0.659579872239021,0.060195,0.1476725198349122,0.04514625,0.18678362555437486
Transportation,19,0.8599219267913129,0.3658208748571981,0.07785251793489256,0.28796835692230555,68353.464,19683.634718027966,0.1300079849084052,0.06720784508008498,0.06280013982832022,164769.08461856755,10347.521553430368,0.7328715493961502,0.381329406156173,0.050671999999999995,0.08538457407963723,0.038003999999999996,0.2671284506038499
Transportation (Railroads),4,0.9751457485154854,0.29067477582274653,0.08299150038379065,0.20768327543895587,43670.8,9069.694785039555,0.14236959522310544,0.0726587934475234,0.06971080177558203,112060.63650626832,7811.836818334022,0.782524270651581,0.23898485836689182,0.047306,0.16983557424101936,0.0354795,0.21747572934841894
Trucking,26,1.0113489285521289,0.07602721205023472,0.08460616221342496,-0.008578950163190241,42010.79999999999,-360.4085595157525,0.0929945748076969,0.07521676753085833,0.017777807276838573,57828.4697901989,1028.0633910446375,0.7985201922699252,0.35290917410983413,0.050671999999999995,0.12598448805395965,0.038003999999999996,0.2014798077300748
Utility (General),14,0.2394349278899265,0.10415514586399638,0.05017879778389073,0.05397634808010565,164557.40000000002,8882.207501557179,0.05994651585116697,0.0435789877327735,0.016367528118393468,408203.67277256656,6681.285092136469,0.5510118817818566,0.14962031044448046,0.047306,0.12765942282237325,0.0354795,0.44898811821814344
Utility (Water),14,0.4126827948416138,0.17212372991864594,0.057905652649935975,0.11421807726870997,21486.58,2454.1558546803185,0.08955910414193033,0.04929215662737624,0.04026694751455409,42998.68785606317,1731.4259070947899,0.6159173551962636,0.2959850912260439,0.047306,0.11191995155470791,0.0354795,0.38408264480373644
